PERMNO,date,PRC,RET
51692,2019-01-02,0.31070,0.016024
51692,2019-01-03,0.35000,0.126489
51692,2019-01-04,0.43150,0.232857
51692,2019-01-07,0.55520,0.286674
51692,2019-01-08,0.69140,0.245317
51692,2019-01-09,0.74680,0.080127
51692,2019-01-10,0.77280,0.034815
51692,2019-01-11,0.90000,0.164596
51692,2019-01-14,0.88320,-0.018667
51692,2019-01-15,0.68280,-0.226902
51692,2019-01-16,0.73130,0.071031
51692,2019-01-17,0.73810,0.009299
51692,2019-01-18,0.70490,-0.044980
51692,2019-01-22,0.70410,-0.001135
51692,2019-01-23,0.87110,0.237182
51692,2019-01-24,0.85780,-0.015268
51692,2019-01-25,0.91900,0.071345
51692,2019-01-28,0.90710,-0.012949
51692,2019-01-29,0.91680,0.010693
51692,2019-01-30,0.85890,-0.063154
51692,2019-01-31,0.81570,-0.050297
51692,2019-02-01,0.82140,0.006988
51692,2019-02-04,0.80000,-0.026053
51692,2019-02-05,0.84830,0.060375
51692,2019-02-06,0.83590,-0.014617
51692,2019-02-07,0.83590,0.000000
51692,2019-02-08,0.83360,-0.002752
51692,2019-02-11,0.87350,0.047865
51692,2019-02-12,0.91830,0.051288
51692,2019-02-13,0.90560,-0.013830
51692,2019-02-14,0.88570,-0.021974
51692,2019-02-15,0.90390,0.020549
51692,2019-02-19,0.87550,-0.031419
51692,2019-02-20,1.02000,0.165048
51692,2019-02-21,1.11000,0.088235
51692,2019-02-22,1.31000,0.180180
51692,2019-02-25,1.33000,0.015267
51692,2019-02-26,1.29000,-0.030075
51692,2019-02-27,1.39000,0.077519
51692,2019-02-28,1.35000,-0.028777
51692,2019-03-01,1.42000,0.051852
51692,2019-03-04,1.42000,0.000000
51692,2019-03-05,1.40000,-0.014084
51692,2019-03-06,1.38000,-0.014286
51692,2019-03-07,1.23000,-0.108696
51692,2019-03-08,1.24000,0.008130
51692,2019-03-11,1.09000,-0.120968
51692,2019-03-12,1.14000,0.045872
51692,2019-03-13,1.10000,-0.035088
51692,2019-03-14,0.78000,-0.290909
51692,2019-03-15,0.70140,-0.100769
51692,2019-03-18,0.64470,-0.080838
51692,2019-03-19,0.75000,0.163332
51692,2019-03-20,0.82040,0.093867
51692,2019-03-21,0.77970,-0.049610
51692,2019-03-22,0.76140,-0.023471
51692,2019-03-25,0.81220,0.066719
51692,2019-03-26,0.75990,-0.064393
51692,2019-03-27,0.74950,-0.013686
51692,2019-03-28,0.78640,0.049233
51692,2019-03-29,0.76350,-0.029120
51692,2019-04-01,0.73640,-0.035494
51692,2019-04-02,0.68760,-0.066268
51692,2019-04-03,0.66450,-0.033595
51692,2019-04-04,0.70180,0.056132
51692,2019-04-05,0.70730,0.007837
51692,2019-04-08,0.67540,-0.045101
51692,2019-04-09,0.66260,-0.018952
51692,2019-04-10,0.66020,-0.003622
51692,2019-04-11,0.67250,0.018631
51692,2019-04-12,0.65940,-0.019480
51692,2019-04-15,0.65440,-0.007583
51692,2019-04-16,0.65000,-0.006724
51692,2019-04-17,0.64580,-0.006462
51692,2019-04-18,0.48000,-0.256736
51692,2019-04-22,0.45440,-0.053333
51692,2019-04-23,0.45000,-0.009683
51692,2019-04-24,0.61000,0.355556
51692,2019-04-25,0.54120,-0.112787
51692,2019-04-26,0.69630,0.286585
51692,2019-04-29,0.77000,0.105845
51692,2019-04-30,0.90690,0.177792
51692,2019-05-01,0.89810,-0.009703
51692,2019-05-02,0.93980,0.046431
51692,2019-05-03,0.93520,-0.004895
51692,2019-05-06,0.97860,0.046407
51692,2019-05-07,0.89000,-0.090538
51692,2019-05-08,0.92510,0.039438
51692,2019-05-09,0.95020,0.027132
51692,2019-05-10,0.90150,-0.051252
51692,2019-05-13,0.82700,-0.082640
51692,2019-05-14,0.86980,0.051753
51692,2019-05-15,0.86260,-0.008278
51692,2019-05-16,0.82650,-0.041850
51692,2019-05-17,0.79080,-0.043194
51692,2019-05-20,0.71100,-0.100910
51692,2019-05-21,0.65110,-0.084248
51692,2019-05-22,0.64510,-0.009215
51692,2019-05-23,0.62750,-0.027283
51692,2019-05-24,0.63260,0.008128
51692,2019-05-28,0.63870,0.009643
51692,2019-05-29,0.59750,-0.064506
51692,2019-05-30,0.60120,0.006192
51692,2019-05-31,0.57980,-0.035595
51692,2019-06-03,0.59720,0.030010
51692,2019-06-04,0.66000,0.105157
51692,2019-06-05,0.63870,-0.032273
51692,2019-06-06,0.60990,-0.045092
51692,2019-06-07,0.63000,0.032956
51692,2019-06-10,0.68050,0.080159
51692,2019-06-11,0.73310,0.077296
51692,2019-06-12,0.73000,-0.004229
51692,2019-06-13,0.72180,-0.011233
51692,2019-06-14,0.68060,-0.057080
51692,2019-06-17,0.64780,-0.048193
51692,2019-06-18,0.68000,0.049707
51692,2019-06-19,0.67700,-0.004412
51692,2019-06-20,10.36000,-0.234859
51692,2019-06-21,11.33000,0.093629
51692,2019-06-24,7.68000,-0.322154
51692,2019-06-25,8.66000,0.127604
51692,2019-06-26,8.78000,0.013857
51692,2019-06-27,7.93000,-0.096811
51692,2019-06-28,7.53000,-0.050441
51692,2019-07-01,7.38000,-0.019920
51692,2019-07-02,6.94000,-0.059621
51692,2019-07-03,6.23000,-0.102305
51692,2019-07-05,6.42000,0.030498
51692,2019-07-08,6.52000,0.015576
51692,2019-07-09,6.49000,-0.004601
51692,2019-07-10,6.40000,-0.013867
51692,2019-07-11,6.24000,-0.025000
51692,2019-07-12,6.20000,-0.006410
51692,2019-07-15,6.00000,-0.032258
51692,2019-07-16,5.29000,-0.118333
51692,2019-07-17,4.66000,-0.119093
51692,2019-07-18,3.90000,-0.163090
51692,2019-07-19,3.84000,-0.015385
51692,2019-07-22,4.47000,0.164062
51692,2019-07-23,4.97000,0.111857
51692,2019-07-24,4.31000,-0.132797
51692,2019-07-25,4.20000,-0.025522
51692,2019-07-26,4.31000,0.026191
51692,2019-07-29,4.24000,-0.016241
51692,2019-07-30,4.12000,-0.028302
51692,2019-07-31,3.85000,-0.065534
51692,2019-08-01,3.55000,-0.077922
51692,2019-08-02,3.38000,-0.047887
51692,2019-08-05,3.18000,-0.059172
51692,2019-08-06,3.59000,0.128931
51692,2019-08-07,3.55000,-0.011142
51692,2019-08-08,3.74000,0.053521
51692,2019-08-09,3.61000,-0.034759
51692,2019-08-12,3.57000,-0.011080
51692,2019-08-13,3.70000,0.036415
51692,2019-08-14,3.54000,-0.043243
51692,2019-08-15,3.36000,-0.050847
51692,2019-08-16,3.47000,0.032738
51692,2019-08-19,3.47000,0.000000
51692,2019-08-20,3.62000,0.043228
51692,2019-08-21,3.89000,0.074586
51692,2019-08-22,4.77000,0.226221
51692,2019-08-23,3.90000,-0.182390
51692,2019-08-26,4.15000,0.064103
51692,2019-08-27,4.07000,-0.019277
51692,2019-08-28,4.13000,0.014742
51692,2019-08-29,4.30000,0.041162
51692,2019-08-30,4.38000,0.018605
51692,2019-09-03,4.25000,-0.029680
51692,2019-09-04,4.34000,0.021177
51692,2019-09-05,4.90000,0.129032
51692,2019-09-06,6.16000,0.257143
51692,2019-09-09,6.12000,-0.006494
51692,2019-09-10,8.82000,0.441176
51692,2019-09-11,8.87000,0.005669
51692,2019-09-12,8.31000,-0.063134
51692,2019-09-13,7.91000,-0.048135
51692,2019-09-16,8.59000,0.085967
51692,2019-09-17,9.27000,0.079162
51692,2019-09-18,9.51000,0.025890
51692,2019-09-19,9.73000,0.023133
51692,2019-09-20,10.13000,0.041110
51692,2019-09-23,11.36000,0.121421
51692,2019-09-24,13.71000,0.206866
51692,2019-09-25,12.20000,-0.110139
51692,2019-09-26,10.72000,-0.121311
51692,2019-09-27,10.87000,0.013993
51692,2019-09-30,9.72000,-0.105796
51692,2019-10-01,8.61000,-0.114198
51692,2019-10-02,9.38000,0.089431
51692,2019-10-03,9.33000,-0.005331
51692,2019-10-04,8.06000,-0.136120
51692,2019-10-07,8.10000,0.004963
51692,2019-10-08,7.47000,-0.077778
51692,2019-10-09,8.26000,0.105756
51692,2019-10-10,8.16000,-0.012107
51692,2019-10-11,8.91000,0.091912
51692,2019-10-14,8.59000,-0.035915
51692,2019-10-15,8.70000,0.012806
51692,2019-10-16,8.61000,-0.010345
51692,2019-10-17,8.43000,-0.020906
51692,2019-10-18,8.06000,-0.043891
51692,2019-10-21,7.59000,-0.058313
51692,2019-10-22,7.33000,-0.034256
51692,2019-10-23,6.89000,-0.060027
51692,2019-10-24,6.67000,-0.031930
51692,2019-10-25,6.96000,0.043478
51692,2019-10-28,6.32000,-0.091954
51692,2019-10-29,5.81000,-0.080696
51692,2019-10-30,5.50000,-0.053356
51692,2019-10-31,5.63000,0.023636
51692,2019-11-01,6.35000,0.127886
51692,2019-11-04,6.86000,0.080315
51692,2019-11-05,6.46000,-0.058309
51692,2019-11-06,6.83000,0.057276
51692,2019-11-07,7.30000,0.068814
51692,2019-11-08,6.73000,-0.078082
51692,2019-11-11,6.42000,-0.046062
51692,2019-11-12,6.45000,0.004673
51692,2019-11-13,6.58000,0.020155
51692,2019-11-14,8.13000,0.235562
51692,2019-11-15,7.71000,-0.051661
51692,2019-11-18,7.63000,-0.010376
51692,2019-11-19,7.12000,-0.066841
51692,2019-11-20,6.95000,-0.023876
51692,2019-11-21,6.93000,-0.002878
51692,2019-11-22,7.46000,0.076479
51692,2019-11-25,7.68000,0.029491
51692,2019-11-26,9.20000,0.197917
51692,2019-11-27,9.32000,0.013043
51692,2019-11-29,8.47000,-0.091202
51692,2019-12-02,7.98000,-0.057851
51692,2019-12-03,8.34000,0.045113
51692,2019-12-04,8.59000,0.029976
51692,2019-12-05,7.96000,-0.073341
51692,2019-12-06,7.66000,-0.037688
51692,2019-12-09,7.63000,-0.003916
51692,2019-12-10,7.72000,0.011796
51692,2019-12-11,7.50000,-0.028497
51692,2019-12-12,7.85000,0.046667
51692,2019-12-13,7.55000,-0.038217
51692,2019-12-16,7.60000,0.006622
51692,2019-12-17,6.93000,-0.088158
51692,2019-12-18,6.86000,-0.010101
51692,2019-12-19,6.70000,-0.023324
51692,2019-12-20,7.18000,0.071642
51692,2019-12-23,7.07000,-0.015320
51692,2019-12-24,6.65000,-0.059406
51692,2019-12-26,6.48000,-0.025564
51692,2019-12-27,6.27000,-0.032407
51692,2019-12-30,6.19000,-0.012759
51692,2019-12-31,6.40000,0.033926
51692,2020-01-02,6.60000,0.031250
51692,2020-01-03,6.23000,-0.056061
51692,2020-01-06,5.17500,-0.169342
51692,2020-01-07,4.73000,-0.085990
51692,2020-01-08,3.88000,-0.179704
51692,2020-01-09,3.76000,-0.030928
51692,2020-01-10,3.50000,-0.069149
51692,2020-01-13,3.67000,0.048571
51692,2020-01-14,3.91000,0.065395
51692,2020-01-15,3.88000,-0.007673
51692,2020-01-16,3.76000,-0.030928
51692,2020-01-17,3.48000,-0.074468
51692,2020-01-21,3.62000,0.040230
51692,2020-01-22,3.62000,0.000000
51692,2020-01-23,3.69000,0.019337
51692,2020-01-24,3.56000,-0.035230
51692,2020-01-27,3.60000,0.011236
51692,2020-01-28,3.39000,-0.058333
51692,2020-01-29,3.26000,-0.038348
51692,2020-01-30,3.17000,-0.027607
51692,2020-01-31,3.14000,-0.009464
51692,2020-02-03,3.65000,0.162420
51692,2020-02-04,3.77000,0.032877
51692,2020-02-05,3.71000,-0.015915
51692,2020-02-06,3.71000,0.000000
51692,2020-02-07,3.52000,-0.051213
51692,2020-02-10,3.47000,-0.014205
51692,2020-02-11,3.74000,0.077810
51692,2020-02-12,3.55000,-0.050802
51692,2020-02-13,3.78000,0.064789
51692,2020-02-14,3.56000,-0.058201
91068,2019-01-02,443.35999,0.026795
91068,2019-01-03,439.45001,-0.008819
91068,2019-01-04,455.00000,0.035385
91068,2019-01-07,485.14999,0.066264
91068,2019-01-08,497.37000,0.025188
91068,2019-01-09,498.48001,0.002232
91068,2019-01-10,509.62000,0.022348
91068,2019-01-11,506.95001,-0.005239
91068,2019-01-14,501.98999,-0.009784
91068,2019-01-15,514.48999,0.024901
91068,2019-01-16,514.82001,0.000641
91068,2019-01-17,517.65997,0.005516
91068,2019-01-18,513.23999,-0.008538
91068,2019-01-22,520.08002,0.013327
91068,2019-01-23,521.37000,0.002480
91068,2019-01-24,533.39001,0.023055
91068,2019-01-25,543.37000,0.018710
91068,2019-01-28,532.00000,-0.020925
91068,2019-01-29,530.06000,-0.003647
91068,2019-01-30,532.97998,0.005509
91068,2019-01-31,529.60999,-0.006323
91068,2019-02-01,527.20001,-0.004550
91068,2019-02-04,527.91998,0.001366
91068,2019-02-05,526.65002,-0.002406
91068,2019-02-06,526.06000,-0.001120
91068,2019-02-07,585.78003,0.113523
91068,2019-02-08,582.77002,-0.005138
91068,2019-02-11,603.35999,0.035331
91068,2019-02-12,593.65997,-0.016077
91068,2019-02-13,599.62000,0.010039
91068,2019-02-14,604.42999,0.008022
91068,2019-02-15,605.89001,0.002416
91068,2019-02-19,599.46002,-0.010612
91068,2019-02-20,597.73999,-0.002869
91068,2019-02-21,601.19000,0.005772
91068,2019-02-22,600.21997,-0.001614
91068,2019-02-25,596.65997,-0.005931
91068,2019-02-26,599.50000,0.004760
91068,2019-02-27,599.28003,-0.000367
91068,2019-02-28,607.53003,0.013767
91068,2019-03-01,611.63000,0.006749
91068,2019-03-04,618.84998,0.011804
91068,2019-03-05,616.01001,-0.004589
91068,2019-03-06,613.40997,-0.004221
91068,2019-03-07,609.53003,-0.006325
91068,2019-03-08,616.44000,0.011337
91068,2019-03-11,616.88000,0.000714
91068,2019-03-12,630.98999,0.022873
91068,2019-03-13,637.07001,0.009636
91068,2019-03-14,642.39001,0.008351
91068,2019-03-15,639.00000,-0.005277
91068,2019-03-18,655.79999,0.026291
91068,2019-03-19,665.85999,0.015340
91068,2019-03-20,665.78998,-0.000105
91068,2019-03-21,670.45001,0.006999
91068,2019-03-22,671.46002,0.001506
91068,2019-03-25,676.77002,0.007908
91068,2019-03-26,688.82001,0.017805
91068,2019-03-27,697.87000,0.013138
91068,2019-03-28,702.51001,0.006649
91068,2019-03-29,710.31000,0.011103
91068,2019-04-01,705.73999,-0.006434
91068,2019-04-02,704.79999,-0.001332
91068,2019-04-03,705.64001,0.001192
91068,2019-04-04,703.38000,-0.003203
91068,2019-04-05,708.37000,0.007094
91068,2019-04-08,714.67999,0.008908
91068,2019-04-09,710.66998,-0.005611
91068,2019-04-10,718.84998,0.011510
91068,2019-04-11,707.53003,-0.015747
91068,2019-04-12,712.44000,0.006940
91068,2019-04-15,712.27002,-0.000239
91068,2019-04-16,706.47998,-0.008129
91068,2019-04-17,688.21002,-0.025861
91068,2019-04-18,700.00000,0.017131
91068,2019-04-22,701.66998,0.002386
91068,2019-04-23,702.46002,0.001126
91068,2019-04-24,709.75000,0.010378
91068,2019-04-25,678.07001,-0.044635
91068,2019-04-26,676.78998,-0.001888
91068,2019-04-29,677.90002,0.001640
91068,2019-04-30,688.03998,0.014958
91068,2019-05-01,688.56000,0.000756
91068,2019-05-02,707.87000,0.028044
91068,2019-05-03,709.52002,0.002331
91068,2019-05-06,716.66998,0.010077
91068,2019-05-07,706.52002,-0.014163
91068,2019-05-08,709.57001,0.004317
91068,2019-05-09,705.13000,-0.006257
91068,2019-05-10,705.44000,0.000440
91068,2019-05-13,687.27002,-0.025757
91068,2019-05-14,703.17999,0.023150
91068,2019-05-15,705.89001,0.003854
91068,2019-05-16,708.92999,0.004307
91068,2019-05-17,715.90997,0.009846
91068,2019-05-20,718.00000,0.002919
91068,2019-05-21,715.00000,-0.004178
91068,2019-05-22,706.03998,-0.012531
91068,2019-05-23,667.12000,-0.055124
91068,2019-05-24,662.56000,-0.006835
91068,2019-05-28,680.07001,0.026428
91068,2019-05-29,667.96997,-0.017792
91068,2019-05-30,678.00000,0.015016
91068,2019-05-31,659.96997,-0.026593
91068,2019-06-03,641.65997,-0.027744
91068,2019-06-04,662.17999,0.031980
91068,2019-06-05,679.47998,0.026126
91068,2019-06-06,692.17999,0.018691
91068,2019-06-07,709.87000,0.025557
91068,2019-06-10,720.52002,0.015003
91068,2019-06-11,729.23999,0.012102
91068,2019-06-12,737.73999,0.011656
91068,2019-06-13,732.28998,-0.007387
91068,2019-06-14,740.59003,0.011334
91068,2019-06-17,731.65002,-0.012071
91068,2019-06-18,732.53998,0.001216
91068,2019-06-19,736.34998,0.005201
91068,2019-06-20,738.79999,0.003327
91068,2019-06-21,726.84998,-0.016175
91068,2019-06-24,724.13000,-0.003742
91068,2019-06-25,733.21997,0.012553
91068,2019-06-26,727.48999,-0.007815
91068,2019-06-27,724.12000,-0.004632
91068,2019-06-28,732.88000,0.012097
91068,2019-07-01,725.39001,-0.010220
91068,2019-07-02,723.08002,-0.003184
91068,2019-07-03,730.97998,0.010925
91068,2019-07-05,739.53998,0.011710
91068,2019-07-08,748.79999,0.012521
91068,2019-07-09,745.48999,-0.004420
91068,2019-07-10,743.01001,-0.003327
91068,2019-07-11,740.06000,-0.003970
91068,2019-07-12,750.84998,0.014580
91068,2019-07-15,759.87000,0.012013
91068,2019-07-16,761.84998,0.002606
91068,2019-07-17,752.56000,-0.012194
91068,2019-07-18,764.03998,0.015255
91068,2019-07-19,746.52002,-0.022931
91068,2019-07-22,742.51001,-0.005372
91068,2019-07-23,739.59998,-0.003919
91068,2019-07-24,777.96002,0.051866
91068,2019-07-25,777.53003,-0.000553
91068,2019-07-26,779.85999,0.002997
91068,2019-07-29,809.03003,0.037404
91068,2019-07-30,805.25000,-0.004672
91068,2019-07-31,795.53003,-0.012071
91068,2019-08-01,790.42999,-0.006411
91068,2019-08-02,792.21002,0.002252
91068,2019-08-05,780.21002,-0.015147
91068,2019-08-06,790.60999,0.013330
91068,2019-08-07,795.04999,0.005616
91068,2019-08-08,814.04999,0.023898
91068,2019-08-09,817.90002,0.004729
91068,2019-08-12,812.82001,-0.006211
91068,2019-08-13,816.96002,0.005093
91068,2019-08-14,796.57001,-0.024958
91068,2019-08-15,809.89001,0.016722
91068,2019-08-16,817.20001,0.009026
91068,2019-08-19,820.31000,0.003806
91068,2019-08-20,820.14001,-0.000207
91068,2019-08-21,827.51001,0.008986
91068,2019-08-22,819.15002,-0.010103
91068,2019-08-23,805.44000,-0.016737
91068,2019-08-26,826.79999,0.026520
91068,2019-08-27,842.10999,0.018517
91068,2019-08-28,839.34003,-0.003289
91068,2019-08-29,843.64001,0.005123
91068,2019-08-30,838.41998,-0.006188
91068,2019-09-03,827.87000,-0.012583
91068,2019-09-04,838.28003,0.012574
91068,2019-09-05,838.10999,-0.000203
91068,2019-09-06,836.32001,-0.002136
91068,2019-09-09,839.65002,0.003982
91068,2019-09-10,787.97998,-0.061538
91068,2019-09-11,799.21002,0.014252
91068,2019-09-12,805.45001,0.007808
91068,2019-09-13,787.85999,-0.021839
91068,2019-09-16,799.87000,0.015244
91068,2019-09-17,825.75000,0.032355
91068,2019-09-18,834.96997,0.011166
91068,2019-09-19,832.09003,-0.003449
91068,2019-09-20,834.65997,0.003089
91068,2019-09-23,843.28998,0.010340
91068,2019-09-24,824.48999,-0.022294
91068,2019-09-25,819.21997,-0.006392
91068,2019-09-26,817.57001,-0.002014
91068,2019-09-27,818.83002,0.001541
91068,2019-09-30,840.46997,0.026428
91068,2019-10-01,828.84003,-0.013837
91068,2019-10-02,809.97998,-0.022755
91068,2019-10-03,815.28998,0.006556
91068,2019-10-04,823.92999,0.010597
91068,2019-10-07,814.15997,-0.011858
91068,2019-10-08,805.88000,-0.010170
91068,2019-10-09,827.28998,0.026567
91068,2019-10-10,827.75000,0.000556
91068,2019-10-11,830.34998,0.003141
91068,2019-10-14,828.13000,-0.002674
91068,2019-10-15,826.73999,-0.001678
91068,2019-10-16,823.25000,-0.004221
91068,2019-10-17,829.07001,0.007070
91068,2019-10-18,841.47998,0.014969
91068,2019-10-21,851.53998,0.011955
91068,2019-10-22,831.07001,-0.024039
91068,2019-10-23,788.19000,-0.051596
91068,2019-10-24,798.34003,0.012878
91068,2019-10-25,787.87000,-0.013115
91068,2019-10-28,782.60999,-0.006676
91068,2019-10-29,763.82001,-0.024009
91068,2019-10-30,775.52002,0.015318
91068,2019-10-31,778.15997,0.003404
91068,2019-11-01,768.63000,-0.012247
91068,2019-11-04,751.77002,-0.021935
91068,2019-11-05,740.76001,-0.014645
91068,2019-11-06,744.31000,0.004792
91068,2019-11-07,737.34003,-0.009364
91068,2019-11-08,731.62000,-0.007758
91068,2019-11-11,743.37000,0.016060
91068,2019-11-12,757.27002,0.018699
91068,2019-11-13,753.29999,-0.005243
91068,2019-11-14,749.20001,-0.005443
91068,2019-11-15,754.65997,0.007288
91068,2019-11-18,771.31000,0.022063
91068,2019-11-19,766.78003,-0.005873
91068,2019-11-20,775.94000,0.011946
91068,2019-11-21,773.46002,-0.003196
91068,2019-11-22,772.60999,-0.001099
91068,2019-11-25,786.51001,0.017991
91068,2019-11-26,815.84003,0.037291
91068,2019-11-27,816.75000,0.001115
91068,2019-11-29,813.91998,-0.003465
91068,2019-12-02,813.78003,-0.000172
91068,2019-12-03,814.90997,0.001389
91068,2019-12-04,809.40002,-0.006761
91068,2019-12-05,819.72998,0.012762
91068,2019-12-06,822.47998,0.003355
91068,2019-12-09,827.03003,0.005532
91068,2019-12-10,817.72998,-0.011245
91068,2019-12-11,822.73999,0.006127
91068,2019-12-12,811.20001,-0.014026
91068,2019-12-13,815.32001,0.005079
91068,2019-12-16,822.78998,0.009162
91068,2019-12-17,832.04999,0.011254
91068,2019-12-18,826.88000,-0.006214
91068,2019-12-19,833.91998,0.008514
91068,2019-12-20,834.53003,0.000732
91068,2019-12-23,828.28998,-0.007477
91068,2019-12-24,828.89001,0.000724
91068,2019-12-26,838.59998,0.011714
91068,2019-12-27,836.78998,-0.002158
91068,2019-12-30,836.07001,-0.000860
91068,2019-12-31,837.10999,0.001244
91068,2020-01-02,858.19000,0.025182
91068,2020-01-03,865.13000,0.008087
91068,2020-01-06,858.02002,-0.008218
91068,2020-01-07,860.08002,0.002401
91068,2020-01-08,856.72998,-0.003895
91068,2020-01-09,862.66998,0.006933
91068,2020-01-10,857.77002,-0.005680
91068,2020-01-13,863.00000,0.006097
91068,2020-01-14,859.21997,-0.004380
91068,2020-01-15,865.09003,0.006832
91068,2020-01-16,870.23999,0.005953
91068,2020-01-17,878.15002,0.009089
91068,2020-01-21,870.72998,-0.008450
91068,2020-01-22,879.17999,0.009705
91068,2020-01-23,879.84003,0.000751
91068,2020-01-24,869.71002,-0.011513
91068,2020-01-27,865.03003,-0.005381
91068,2020-01-28,877.82001,0.014786
91068,2020-01-29,879.29999,0.001686
91068,2020-01-30,879.95001,0.000739
91068,2020-01-31,866.76001,-0.014989
91068,2020-02-03,867.33002,0.000658
91068,2020-02-04,884.82001,0.020165
91068,2020-02-05,854.01001,-0.034821
91068,2020-02-06,857.00000,0.003501
91068,2020-02-07,864.21997,0.008425
91068,2020-02-10,890.51001,0.030421
91068,2020-02-11,890.75000,0.000269
91068,2020-02-12,900.37000,0.010800
91068,2020-02-13,912.95001,0.013972
91068,2020-02-14,921.94000,0.009847
91068,2020-02-18,927.56000,0.006096
91068,2020-02-19,933.84003,0.006770
91068,2020-02-20,927.59003,-0.006693
91068,2020-02-21,920.14001,-0.008032
91068,2020-02-24,885.00000,-0.038190
91068,2020-02-25,856.01001,-0.032757
91068,2020-02-26,847.28998,-0.010187
91068,2020-02-27,755.54999,-0.108275
91068,2020-02-28,773.58002,0.023863
91068,2020-03-02,768.81000,-0.006166
91068,2020-03-03,736.07001,-0.042585
91068,2020-03-04,769.76001,0.045770
91068,2020-03-05,727.54999,-0.054835
91068,2020-03-06,723.08002,-0.006144
91068,2020-03-09,657.85999,-0.090198
91068,2020-03-10,701.21002,0.065896
91068,2020-03-11,646.39001,-0.078179
91068,2020-03-12,603.00000,-0.067127
91068,2020-03-13,630.35999,0.045373
91068,2020-03-16,571.51001,-0.093359
91068,2020-03-17,524.40997,-0.082413
91068,2020-03-18,465.20999,-0.112889
91068,2020-03-19,536.15002,0.152490
91068,2020-03-20,566.00000,0.055675
91068,2020-03-23,588.71002,0.040124
91068,2020-03-24,664.04999,0.127975
91068,2020-03-25,649.47998,-0.021941
91068,2020-03-26,661.09998,0.017891
91068,2020-03-27,635.03003,-0.039434
91068,2020-03-30,639.96997,0.007779
91068,2020-03-31,654.40002,0.022548
91068,2020-04-01,619.35999,-0.053545
91068,2020-04-02,630.15997,0.017437
91068,2020-04-03,611.01001,-0.030389
91068,2020-04-06,689.98999,0.129261
91068,2020-04-07,704.29999,0.020739
91068,2020-04-08,725.12000,0.029561
91068,2020-04-09,771.00000,0.063272
91068,2020-04-13,744.08002,-0.034916
91068,2020-04-14,785.33002,0.055438
91068,2020-04-15,770.09998,-0.019393
91068,2020-04-16,786.75000,0.021621
91068,2020-04-17,820.27002,0.042606
91068,2020-04-20,808.72998,-0.014069
91068,2020-04-21,786.69000,-0.027253
91068,2020-04-22,882.26001,0.121484
91068,2020-04-23,867.02002,-0.017274
91068,2020-04-24,882.46997,0.017820
91068,2020-04-27,883.07001,0.000680
91068,2020-04-28,868.35999,-0.016658
91068,2020-04-29,882.34003,0.016099
91068,2020-04-30,878.54999,-0.004295
91068,2020-05-01,874.91998,-0.004132
91068,2020-05-04,875.00000,0.000091
91068,2020-05-05,870.22998,-0.005451
91068,2020-05-06,867.03998,-0.003666
91068,2020-05-07,897.51001,0.035143
91068,2020-05-08,925.83002,0.031554
91068,2020-05-11,933.92999,0.008749
91068,2020-05-12,929.84998,-0.004369
91068,2020-05-13,902.59003,-0.029317
91068,2020-05-14,932.17999,0.032783
91068,2020-05-15,971.75000,0.042449
91068,2020-05-18,998.58002,0.027610
91068,2020-05-19,1009.08002,0.010515
91068,2020-05-20,1029.95996,0.020692
91068,2020-05-21,1026.70996,-0.003155
91068,2020-05-22,1055.69995,0.028236
91068,2020-05-26,1017.00000,-0.036658
91068,2020-05-27,990.00000,-0.026549
91068,2020-05-28,995.09003,0.005141
91068,2020-05-29,1003.90997,0.008863
91068,2020-06-01,1047.88000,0.043799
91068,2020-06-02,1058.89001,0.010507
91068,2020-06-03,1049.70996,-0.008670
91068,2020-06-04,1041.56006,-0.007764
91068,2020-06-05,1053.45996,0.011425
91068,2020-06-08,1049.22998,-0.004015
91068,2020-06-09,1039.46997,-0.009302
91068,2020-06-10,1028.95996,-0.010111
91068,2020-06-11,1000.73999,-0.027426
91068,2020-06-12,991.83002,-0.008903
91068,2020-06-15,1023.25000,0.031679
91068,2020-06-16,1031.80005,0.008356
91068,2020-06-17,1022.88000,-0.008645
91068,2020-06-18,1030.00000,0.006961
91068,2020-06-19,1010.83002,-0.018612
91068,2020-06-22,1070.25000,0.058783
91068,2020-06-23,1039.16003,-0.029049
91068,2020-06-24,1047.94995,0.008459
91068,2020-06-25,1048.90002,0.000907
91068,2020-06-26,1033.15002,-0.015016
91068,2020-06-29,1045.94995,0.012389
91068,2020-06-30,1052.35999,0.006128
91068,2020-07-01,1068.35999,0.015204
91068,2020-07-02,1056.44995,-0.011148
91068,2020-07-06,1125.92004,0.065758
91068,2020-07-07,1109.09998,-0.014939
91068,2020-07-08,1114.43005,0.004806
91068,2020-07-09,1115.57996,0.001032
91068,2020-07-10,1118.04004,0.002205
91068,2020-07-13,1088.92004,-0.026046
91068,2020-07-14,1103.02002,0.012949
91068,2020-07-15,1133.65002,0.027769
91068,2020-07-16,1129.51001,-0.003652
91068,2020-07-17,1136.21997,0.005941
91068,2020-07-20,1163.71997,0.024203
91068,2020-07-21,1163.09998,-0.000533
91068,2020-07-22,1185.27002,0.019061
91068,2020-07-23,1121.03003,-0.054199
91068,2020-07-24,1130.26001,0.008233
91068,2020-07-27,1142.93005,0.011210
91068,2020-07-28,1112.22998,-0.026861
91068,2020-07-29,1153.06995,0.036719
91068,2020-07-30,1148.40002,-0.004050
91068,2020-07-31,1155.16003,0.005886
91068,2020-08-03,1146.70996,-0.007315
91068,2020-08-04,1164.56995,0.015575
91068,2020-08-05,1170.23999,0.004869
91068,2020-08-06,1186.80005,0.014151
91068,2020-08-07,1180.62000,-0.005207
91068,2020-08-10,1161.00000,-0.016618
91068,2020-08-11,1147.16003,-0.011921
91068,2020-08-12,1160.92004,0.011995
91068,2020-08-13,1194.93005,0.029296
91068,2020-08-14,1186.53003,-0.007030
91068,2020-08-17,1216.21997,0.025022
91068,2020-08-18,1236.93005,0.017028
91068,2020-08-19,1219.37000,-0.014196
91068,2020-08-20,1239.89001,0.016828
91068,2020-08-21,1253.23999,0.010767
91068,2020-08-24,1241.75000,-0.009168
91068,2020-08-25,1269.65002,0.022468
91068,2020-08-26,1277.28003,0.006010
91068,2020-08-27,1279.63000,0.001840
91068,2020-08-28,1301.51001,0.017099
91068,2020-08-31,1310.28003,0.006738
91068,2020-09-01,1372.21997,0.047272
91068,2020-09-02,1379.03003,0.004963
91068,2020-09-03,1328.72998,-0.036475
91068,2020-09-04,1313.72998,-0.011289
91068,2020-09-08,1299.75000,-0.010641
91068,2020-09-09,1321.03003,0.016372
91068,2020-09-10,1308.48999,-0.009493
91068,2020-09-11,1297.46997,-0.008422
91068,2020-09-14,1267.18994,-0.023338
91068,2020-09-15,1277.35999,0.008026
91068,2020-09-16,1265.87000,-0.008995
91068,2020-09-17,1225.37000,-0.031994
91068,2020-09-18,1215.47998,-0.008071
91068,2020-09-21,1206.52002,-0.007372
91068,2020-09-22,1234.57996,0.023257
91068,2020-09-23,1248.39001,0.011186
91068,2020-09-24,1229.28003,-0.015308
91068,2020-09-25,1244.50000,0.012381
91068,2020-09-28,1263.34998,0.015147
91068,2020-09-29,1261.60999,-0.001377
91068,2020-09-30,1243.70996,-0.014188
91068,2020-10-01,1238.02002,-0.004575
91068,2020-10-02,1254.80005,0.013554
91068,2020-10-05,1253.01001,-0.001427
91068,2020-10-06,1256.41003,0.002713
91068,2020-10-07,1278.68005,0.017725
91068,2020-10-08,1281.75000,0.002401
91068,2020-10-09,1281.98999,0.000187
91068,2020-10-12,1278.93005,-0.002387
91068,2020-10-13,1325.21997,0.036194
91068,2020-10-14,1321.37000,-0.002905
91068,2020-10-15,1343.25000,0.016559
91068,2020-10-16,1339.68005,-0.002658
91068,2020-10-19,1335.58997,-0.003053
91068,2020-10-20,1348.46997,0.009644
91068,2020-10-21,1366.66003,0.013489
91068,2020-10-22,1300.29004,-0.048564
91068,2020-10-23,1339.07996,0.029832
91068,2020-10-26,1311.97998,-0.020238
91068,2020-10-27,1310.15002,-0.001395
91068,2020-10-28,1253.54004,-0.043209
91068,2020-10-29,1242.80005,-0.008568
91068,2020-10-30,1201.47998,-0.033248
91068,2020-11-02,1188.54004,-0.010770
91068,2020-11-03,1209.55005,0.017677
91068,2020-11-04,1277.37000,0.056070
91068,2020-11-05,1310.31995,0.025795
91068,2020-11-06,1326.17004,0.012096
91068,2020-11-09,1278.13000,-0.036225
91068,2020-11-10,1243.05005,-0.027446
91068,2020-11-11,1303.93005,0.048976
91068,2020-11-12,1259.27002,-0.034250
91068,2020-11-13,1251.43005,-0.006226
91068,2020-11-16,1260.67004,0.007384
91068,2020-11-17,1268.47998,0.006195
91068,2020-11-18,1296.00000,0.021695
91068,2020-11-19,1310.45996,0.011157
91068,2020-11-20,1292.56995,-0.013652
91068,2020-11-23,1281.00000,-0.008951
91068,2020-11-24,1262.81995,-0.014192
91068,2020-11-25,1276.68005,0.010976
91068,2020-11-27,1297.77002,0.016519
91068,2020-11-30,1289.43005,-0.006426
91068,2020-12-01,1321.06006,0.024530
91068,2020-12-02,1297.00000,-0.018213
91068,2020-12-03,1308.76001,0.009067
91068,2020-12-04,1334.62000,0.019759
91068,2020-12-07,1347.09998,0.009351
91068,2020-12-08,1346.00000,-0.000817
91068,2020-12-09,1313.97998,-0.023789
91068,2020-12-10,1317.22998,0.002473
91068,2020-12-11,1300.00000,-0.013080
91068,2020-12-14,1309.52002,0.007323
91068,2020-12-15,1346.45996,0.028209
91068,2020-12-16,1400.62000,0.040224
91068,2020-12-17,1409.68005,0.006469
91068,2020-12-18,1418.56995,0.006306
91068,2020-12-21,1417.98999,-0.000409
91068,2020-12-22,1426.30005,0.005860
91068,2020-12-23,1410.98999,-0.010734
91068,2020-12-24,1412.55005,0.001106
91068,2020-12-28,1401.48999,-0.007830
91068,2020-12-29,1392.20996,-0.006622
91068,2020-12-30,1374.17004,-0.012958
91068,2020-12-31,1386.70996,0.009125
91068,2021-01-04,1319.12000,-0.048741
91068,2021-01-05,1355.10999,0.027283
91068,2021-01-06,1343.41003,-0.008634
91068,2021-01-07,1368.14001,0.018408
91068,2021-01-08,1402.43994,0.025070
91068,2021-01-11,1402.62000,0.000128
91068,2021-01-12,1401.64001,-0.000699
91068,2021-01-13,1395.00000,-0.004737
91068,2021-01-14,1411.80005,0.012043
91068,2021-01-15,1405.73999,-0.004292
91068,2021-01-19,1429.47998,0.016888
91068,2021-01-20,1480.62000,0.035775
91068,2021-01-21,1503.68005,0.015575
91068,2021-01-22,1494.18005,-0.006318
91068,2021-01-25,1486.31995,-0.005260
91068,2021-01-26,1489.25000,0.001971
91068,2021-01-27,1466.35999,-0.015370
91068,2021-01-28,1480.54004,0.009670
91068,2021-01-29,1480.00000,-0.000365
91068,2021-02-01,1509.02002,0.019608
91068,2021-02-02,1523.05005,0.009297
91068,2021-02-03,1499.98999,-0.015141
91068,2021-02-04,1479.55005,-0.013627
91068,2021-02-05,1506.88000,0.018472
91068,2021-02-08,1504.00000,-0.001911
91068,2021-02-09,1550.48999,0.030911
91068,2021-02-10,1544.66003,-0.003760
91068,2021-02-11,1543.10999,-0.001003
91068,2021-02-12,1527.69995,-0.009986
91068,2021-02-16,1484.00000,-0.028605
91068,2021-02-17,1459.50000,-0.016509
91068,2021-02-18,1456.31006,-0.002186
91068,2021-02-19,1473.08997,0.011522
91068,2021-02-22,1430.54004,-0.028885
91068,2021-02-23,1416.23999,-0.009996
91068,2021-02-24,1449.06006,0.023174
91068,2021-02-25,1410.73999,-0.026445
91068,2021-02-26,1442.00000,0.022159
91068,2021-03-01,1484.94995,0.029785
91068,2021-03-02,1475.56995,-0.006317
91068,2021-03-03,1408.21997,-0.045643
91068,2021-03-04,1351.12000,-0.040548
91068,2021-03-05,1332.28003,-0.013944
91068,2021-03-08,1335.00000,0.002042
91068,2021-03-09,1427.60999,0.069371
91068,2021-03-10,1416.67004,-0.007663
91068,2021-03-11,1462.06006,0.032040
91068,2021-03-12,1453.23999,-0.006033
91068,2021-03-15,1485.60999,0.022274
91068,2021-03-16,1482.68994,-0.001966
91068,2021-03-17,1478.59998,-0.002758
91068,2021-03-18,1429.35999,-0.033302
91068,2021-03-19,1421.19995,-0.005709
91068,2021-03-22,1444.32996,0.016275
91068,2021-03-23,1451.29004,0.004819
91068,2021-03-24,1422.95996,-0.019521
91068,2021-03-25,1431.82996,0.006233
91068,2021-03-26,1445.47998,0.009533
91068,2021-03-29,1424.60999,-0.014438
91068,2021-03-30,1406.32996,-0.012832
91068,2021-03-31,1420.81995,0.010303
91068,2021-04-01,1438.45996,0.012415
91068,2021-04-05,1452.08997,0.009475
91068,2021-04-06,1487.47998,0.024372
91068,2021-04-07,1500.02002,0.008430
91068,2021-04-08,1524.05005,0.016020
91068,2021-04-09,1531.42004,0.004836
91068,2021-04-12,1539.50000,0.005276
91068,2021-04-13,1537.73999,-0.001143
91068,2021-04-14,1516.66003,-0.013708
91068,2021-04-15,1542.39001,0.016965
91068,2021-04-16,1535.04004,-0.004765
91068,2021-04-19,1550.01001,0.009752
91068,2021-04-20,1532.08997,-0.011561
91068,2021-04-21,1507.62000,-0.015972
91068,2021-04-22,1480.00000,-0.018320
91068,2021-04-23,1468.53003,-0.007750
91068,2021-04-26,1470.79004,0.001539
91068,2021-04-27,1468.87000,-0.001305
91068,2021-04-28,1476.16003,0.004963
91068,2021-04-29,1484.10999,0.005386
91068,2021-04-30,1492.03003,0.005337
91068,2021-05-03,1471.04004,-0.014068
91068,2021-05-04,1450.00000,-0.014303
91068,2021-05-05,1426.50000,-0.016207
91068,2021-05-06,1411.41003,-0.010578
91068,2021-05-07,1426.05005,0.010373
91068,2021-05-10,1391.83997,-0.023989
91068,2021-05-11,1393.25000,0.001013
91068,2021-05-12,1342.02002,-0.036770
91068,2021-05-13,1322.69995,-0.014396
91068,2021-05-14,1356.20996,0.025335
91068,2021-05-17,1331.57996,-0.018161
91068,2021-05-18,1324.51001,-0.005309
91068,2021-05-19,1307.18994,-0.013077
91068,2021-05-20,1341.78003,0.026461
91068,2021-05-21,1330.00000,-0.008779
91068,2021-05-24,1342.35999,0.009293
91068,2021-05-25,1346.13000,0.002809
91068,2021-05-26,1345.81006,-0.000238
91068,2021-05-27,1365.59998,0.014705
91068,2021-05-28,1371.97998,0.004672
91068,2021-06-01,1361.13000,-0.007908
91068,2021-06-02,1362.39001,0.000926
91068,2021-06-03,1333.04004,-0.021543
91068,2021-06-04,1326.33997,-0.005026
91068,2021-06-07,1323.26001,-0.002322
91068,2021-06-08,1336.64001,0.010111
91068,2021-06-09,1328.56995,-0.006038
91068,2021-06-10,1344.68994,0.012133
91068,2021-06-11,1366.80005,0.016443
91068,2021-06-14,1391.32996,0.017947
91068,2021-06-15,1370.64001,-0.014871
91068,2021-06-16,1383.38000,0.009295
91068,2021-06-17,1394.22998,0.007843
91068,2021-06-18,1399.63000,0.003873
91068,2021-06-21,1426.59998,0.019269
91068,2021-06-22,1447.64001,0.014748
91068,2021-06-23,1455.37000,0.005340
91068,2021-06-24,1489.21997,0.023259
91068,2021-06-25,1518.75000,0.019829
91068,2021-06-28,1507.81006,-0.007203
91068,2021-06-29,1534.28003,0.017555
91068,2021-06-30,1550.33997,0.010467
91068,2021-07-01,1538.22998,-0.007811
91068,2021-07-02,1566.37000,0.018294
91068,2021-07-06,1566.41003,0.000026
91068,2021-07-07,1583.98999,0.011223
91068,2021-07-08,1576.05005,-0.005013
91068,2021-07-09,1592.25000,0.010279
91068,2021-07-12,1615.56006,0.014640
91068,2021-07-13,1607.29004,-0.005119
91068,2021-07-14,1619.97998,0.007895
91068,2021-07-15,1581.85999,-0.023531
91068,2021-07-16,1560.48999,-0.013509
91068,2021-07-19,1551.16003,-0.005979
91068,2021-07-20,1574.34998,0.014950
91068,2021-07-21,1755.98999,0.115375
91068,2021-07-22,1798.40002,0.024152
91068,2021-07-23,1830.92004,0.018083
91068,2021-07-26,1806.87000,-0.013135
91068,2021-07-27,1835.12000,0.015635
91068,2021-07-28,1816.26001,-0.010277
91068,2021-07-29,1846.15002,0.016457
91068,2021-07-30,1863.43994,0.009365
91068,2021-08-02,1864.42004,0.000526
91068,2021-08-03,1884.48999,0.010765
91068,2021-08-04,1898.82996,0.007609
91068,2021-08-05,1899.97998,0.000606
91068,2021-08-06,1887.15002,-0.006753
91068,2021-08-09,1875.06995,-0.006401
91068,2021-08-10,1866.79004,-0.004416
91068,2021-08-11,1856.45996,-0.005534
91068,2021-08-12,1877.34998,0.011253
91068,2021-08-13,1887.81006,0.005572
91068,2021-08-16,1877.37000,-0.005530
91068,2021-08-17,1869.60999,-0.004133
91068,2021-08-18,1851.47998,-0.009697
91068,2021-08-19,1870.73999,0.010402
91068,2021-08-20,1891.54004,0.011119
91068,2021-08-23,1912.00000,0.010817
91068,2021-08-24,1920.52002,0.004456
91068,2021-08-25,1924.50000,0.002072
91068,2021-08-26,1906.53003,-0.009337
91068,2021-08-27,1918.94995,0.006514
91068,2021-08-30,1916.06995,-0.001501
91068,2021-08-31,1903.32996,-0.006649
91068,2021-09-01,1898.33997,-0.002622
91068,2021-09-02,1902.80005,0.002349
91068,2021-09-03,1920.01001,0.009045
91068,2021-09-07,1894.81995,-0.013120
91068,2021-09-08,1905.69995,0.005742
91068,2021-09-09,1909.69995,0.002099
91068,2021-09-10,1901.03003,-0.004540
91068,2021-09-13,1867.18994,-0.017801
91068,2021-09-14,1859.79004,-0.003963
91068,2021-09-15,1880.07996,0.010910
91068,2021-09-16,1917.88000,0.020106
91068,2021-09-17,1909.02002,-0.004620
91068,2021-09-20,1884.32996,-0.012933
91068,2021-09-21,1897.42004,0.006947
91068,2021-09-22,1935.04004,0.019827
91068,2021-09-23,1944.05005,0.004656
91068,2021-09-24,1937.21997,-0.003513
91068,2021-09-27,1899.50000,-0.019471
91068,2021-09-28,1839.40002,-0.031640
91068,2021-09-29,1846.54004,0.003882
91068,2021-09-30,1817.52002,-0.015716
91068,2021-10-01,1828.59998,0.006096
91068,2021-10-04,1804.77002,-0.013032
91068,2021-10-05,1830.12000,0.014046
91068,2021-10-06,1833.89001,0.002060
91068,2021-10-07,1846.67004,0.006969
91068,2021-10-08,1817.60999,-0.015736
91068,2021-10-11,1783.85999,-0.018568
91068,2021-10-12,1803.56995,0.011049
91068,2021-10-13,1810.55005,0.003870
91068,2021-10-14,1840.68994,0.016647
91068,2021-10-15,1830.93005,-0.005302
91068,2021-10-18,1852.67004,0.011874
91068,2021-10-19,1841.14001,-0.006223
91068,2021-10-20,1823.08997,-0.009804
91068,2021-10-21,1843.82996,0.011376
91068,2021-10-22,1792.20996,-0.027996
91068,2021-10-25,1774.97998,-0.009614
91068,2021-10-26,1748.47998,-0.014930
91068,2021-10-27,1766.06006,0.010054
91068,2021-10-28,1777.63000,0.006551
91068,2021-10-29,1779.03003,0.000788
91068,2021-11-01,1801.18994,0.012456
91068,2021-11-02,1799.64001,-0.000861
91068,2021-11-03,1777.10999,-0.012519
91068,2021-11-04,1808.16003,0.017472
91068,2021-11-05,1794.34998,-0.007638
91068,2021-11-08,1799.91003,0.003099
91068,2021-11-09,1814.90002,0.008328
91068,2021-11-10,1812.01001,-0.001592
91068,2021-11-11,1816.00000,0.002202
91068,2021-11-12,1863.00000,0.025881
91068,2021-11-15,1839.38000,-0.012678
91068,2021-11-16,1827.54004,-0.006437
91068,2021-11-17,1806.00000,-0.011786
91068,2021-11-18,1779.17004,-0.014856
91068,2021-11-19,1754.90002,-0.013641
91068,2021-11-22,1721.42004,-0.019078
91068,2021-11-23,1708.46997,-0.007523
91068,2021-11-24,1707.93005,-0.000316
91068,2021-11-26,1686.88000,-0.012325
91068,2021-11-29,1678.09998,-0.005205
91068,2021-11-30,1643.41003,-0.020672
91068,2021-12-01,1602.07996,-0.025149
91068,2021-12-02,1611.43994,0.005842
91068,2021-12-03,1592.09998,-0.012002
91068,2021-12-06,1623.45996,0.019697
91068,2021-12-07,1711.73999,0.054378
91068,2021-12-08,1739.20996,0.016048
91068,2021-12-09,1722.59998,-0.009550
91068,2021-12-10,1721.40002,-0.000697
91068,2021-12-13,1690.93005,-0.017701
91068,2021-12-14,1677.19995,-0.008120
91068,2021-12-15,1701.17004,0.014292
91068,2021-12-16,1678.96997,-0.013050
91068,2021-12-17,1683.83997,0.002901
91068,2021-12-20,1679.83997,-0.002376
91068,2021-12-21,1723.89001,0.026223
91068,2021-12-22,1744.66003,0.012048
91068,2021-12-23,1748.67004,0.002298
91068,2021-12-27,1766.23999,0.010048
91068,2021-12-28,1752.91003,-0.007547
91068,2021-12-29,1748.59998,-0.002459
91068,2021-12-30,1747.21997,-0.000789
91068,2021-12-31,1748.25000,0.000590
91068,2022-01-03,1690.67004,-0.032936
91068,2022-01-04,1647.31995,-0.025641
91068,2022-01-05,1594.55005,-0.032034
91068,2022-01-06,1620.96997,0.016569
91068,2022-01-07,1597.81006,-0.014288
91068,2022-01-10,1543.45996,-0.034015
91068,2022-01-11,1581.60999,0.024717
91068,2022-01-12,1554.06995,-0.017413
91068,2022-01-13,1507.43005,-0.030011
91068,2022-01-14,1498.13000,-0.006169
91068,2022-01-18,1477.75000,-0.013604
91068,2022-01-19,1467.68005,-0.006814
91068,2022-01-20,1420.43994,-0.032187
91068,2022-01-21,1378.40002,-0.029596
91068,2022-01-24,1416.56995,0.027691
91068,2022-01-25,1368.40002,-0.034005
91068,2022-01-26,1358.45996,-0.007264
91068,2022-01-27,1345.14001,-0.009805
91068,2022-01-28,1410.02002,0.048233
91068,2022-01-31,1485.57996,0.053588
91068,2022-02-01,1512.44995,0.018087
91068,2022-02-02,1484.56995,-0.018434
91068,2022-02-03,1447.43994,-0.025011
91068,2022-02-04,1483.43994,0.024871
91068,2022-02-07,1452.93994,-0.020560
91068,2022-02-08,1460.34998,0.005100
91068,2022-02-09,1608.73999,0.101613
91068,2022-02-10,1578.00000,-0.019108
91068,2022-02-11,1561.47998,-0.010469
91068,2022-02-14,1563.94995,0.001582
91068,2022-02-15,1566.98999,0.001944
91068,2022-02-16,1575.43005,0.005386
91068,2022-02-17,1509.85999,-0.041620
91068,2022-02-18,1523.31995,0.008915
91068,2022-02-22,1480.06006,-0.028398
91068,2022-02-23,1428.89001,-0.034573
91068,2022-02-24,1484.60999,0.038995
91068,2022-02-25,1497.00000,0.008346
91068,2022-02-28,1523.34998,0.017602
91068,2022-03-01,1487.94995,-0.023238
91068,2022-03-02,1496.57996,0.005800
91068,2022-03-03,1462.17004,-0.022992
91068,2022-03-04,1442.28003,-0.013603
91068,2022-03-07,1323.95996,-0.082037
91068,2022-03-08,1313.59998,-0.007825
91068,2022-03-09,1420.63000,0.081478
91068,2022-03-10,1469.03003,0.034069
91068,2022-03-11,1475.41003,0.004343
91068,2022-03-14,1471.96997,-0.002332
91068,2022-03-15,1493.65002,0.014729
91068,2022-03-16,1554.73999,0.040900
91068,2022-03-17,1563.55005,0.005667
91068,2022-03-18,1587.72998,0.015465
91068,2022-03-21,1540.20996,-0.029930
91068,2022-03-22,1558.33997,0.011771
91068,2022-03-23,1541.67004,-0.010697
91068,2022-03-24,1565.93994,0.015743
91068,2022-03-25,1556.37000,-0.006111
91068,2022-03-28,1575.10999,0.012041
91068,2022-03-29,1590.32996,0.009663
91068,2022-03-30,1574.08997,-0.010212
91068,2022-03-31,1582.03003,0.005044
91068,2022-04-01,1594.04004,0.007592
91068,2022-04-04,1610.75000,0.010483
91068,2022-04-05,1604.68994,-0.003762
91068,2022-04-06,1550.84998,-0.033552
91068,2022-04-07,1544.18994,-0.004294
91068,2022-04-08,1543.98999,-0.000129
91068,2022-04-11,1511.46997,-0.021062
91068,2022-04-12,1532.60999,0.013986
91068,2022-04-13,1590.00000,0.037446
91068,2022-04-14,1603.17004,0.008283
91068,2022-04-18,1589.76001,-0.008365
91068,2022-04-19,1632.03003,0.026589
91068,2022-04-20,1612.57996,-0.011918
91068,2022-04-21,1521.10999,-0.056723
91068,2022-04-22,1480.84998,-0.026468
91068,2022-04-25,1516.00000,0.023736
91068,2022-04-26,1438.20996,-0.051313
91068,2022-04-27,1475.63000,0.026018
91068,2022-04-28,1500.81995,0.017071
91068,2022-04-29,1455.60999,-0.030124
91068,2022-05-02,1461.16003,0.003813
91068,2022-05-03,1447.54004,-0.009321
91068,2022-05-04,1434.53003,-0.008988
91068,2022-05-05,1369.85999,-0.045081
91068,2022-05-06,1354.53003,-0.011191
91068,2022-05-09,1276.56995,-0.057555
91068,2022-05-10,1321.07996,0.034867
91068,2022-05-11,1281.68994,-0.029817
91068,2022-05-12,1281.12000,-0.000445
91068,2022-05-13,1318.28003,0.029006
91068,2022-05-16,1299.06995,-0.014572
91068,2022-05-17,1322.06006,0.017697
91068,2022-05-18,1252.89001,-0.052320
91068,2022-05-19,1272.48999,0.015644
91068,2022-05-20,1294.10999,0.016990
91068,2022-05-23,1289.79004,-0.003338
91068,2022-05-24,1266.64001,-0.017949
91068,2022-05-25,1288.77002,0.017471
91068,2022-05-26,1340.91003,0.040457
91068,2022-05-27,1402.42004,0.045872
91068,2022-05-31,1402.55005,0.000093
91068,2022-06-01,1374.71997,-0.019842
91068,2022-06-02,1396.98999,0.016200
91068,2022-06-03,1375.06006,-0.015698
91068,2022-06-06,1376.80005,0.001265
91068,2022-06-07,1390.43994,0.009907
91068,2022-06-08,1373.34998,-0.012291
91068,2022-06-09,1369.58997,-0.002738
91068,2022-06-10,1317.04004,-0.038369
91068,2022-06-13,1232.68005,-0.064053
91068,2022-06-14,1204.01001,-0.023258
91068,2022-06-15,1266.16003,0.051619
91068,2022-06-16,1214.56006,-0.040753
91068,2022-06-17,1245.59998,0.025557
91068,2022-06-21,1261.23999,0.012556
91068,2022-06-22,1254.00000,-0.005740
91068,2022-06-23,1289.52002,0.028325
91068,2022-06-24,1329.02002,0.030632
91068,2022-06-27,1331.70996,0.002024
91068,2022-06-28,1288.87000,-0.032169
91068,2022-06-29,1288.19995,-0.000520
91068,2022-06-30,1307.26001,0.014796
91068,2022-07-01,1306.80005,-0.000352
91068,2022-07-05,1362.70996,0.042784
91068,2022-07-06,1342.32996,-0.014955
91068,2022-07-07,1351.23999,0.006638
91068,2022-07-08,1339.28003,-0.008851
91068,2022-07-11,1290.08997,-0.036729
91068,2022-07-12,1261.45996,-0.022192
91068,2022-07-13,1275.56995,0.011185
91068,2022-07-14,1265.83997,-0.007628
91068,2022-07-15,1299.98999,0.026978
91068,2022-07-18,1319.16003,0.014746
91068,2022-07-19,1342.53003,0.017716
91068,2022-07-20,1374.88000,0.024096
91068,2022-07-21,1368.04004,-0.004975
91068,2022-07-22,1347.32996,-0.015139
91068,2022-07-25,1328.87000,-0.013701
91068,2022-07-26,1316.43005,-0.009361
91068,2022-07-27,1510.00000,0.147042
91068,2022-07-28,1538.88000,0.019126
91068,2022-07-29,1564.21997,0.016466
91068,2022-08-01,1557.38000,-0.004373
91068,2022-08-02,1549.84998,-0.004835
91068,2022-08-03,1585.03003,0.022699
91068,2022-08-04,1584.32996,-0.000442
91068,2022-08-05,1600.78003,0.010383
91068,2022-08-08,1621.81006,0.013137
91068,2022-08-09,1639.08997,0.010655
91068,2022-08-10,1658.29004,0.011714
91068,2022-08-11,1631.08997,-0.016402
91068,2022-08-12,1663.69995,0.019993
91068,2022-08-15,1692.03003,0.017028
91068,2022-08-16,1714.68005,0.013386
91068,2022-08-17,1705.48999,-0.005360
91068,2022-08-18,1710.72998,0.003072
91068,2022-08-19,1672.26001,-0.022487
91068,2022-08-22,1639.43005,-0.019632
91068,2022-08-23,1630.15002,-0.005661
91068,2022-08-24,1643.13000,0.007962
91068,2022-08-25,1663.23999,0.012239
91068,2022-08-26,1627.85999,-0.021272
91068,2022-08-29,1639.07996,0.006892
91068,2022-08-30,1612.50000,-0.016216
91068,2022-08-31,1596.80005,-0.009736
91068,2022-09-01,1613.15002,0.010239
91068,2022-09-02,1616.52002,0.002089
91068,2022-09-06,1634.57996,0.011172
91068,2022-09-07,1680.76001,0.028252
91068,2022-09-08,1707.01001,0.015618
91068,2022-09-09,1723.31995,0.009555
91068,2022-09-12,1747.93994,0.014286
91068,2022-09-13,1701.06006,-0.026820
91068,2022-09-14,1721.48999,0.012010
91068,2022-09-15,1710.65002,-0.006297
91068,2022-09-16,1693.56995,-0.009985
91068,2022-09-19,1705.17004,0.006849
91068,2022-09-20,1699.63000,-0.003249
91068,2022-09-21,1665.28003,-0.020210
91068,2022-09-22,1588.47998,-0.046118
91068,2022-09-23,1557.52002,-0.019490
91068,2022-09-26,1531.98999,-0.016391
91068,2022-09-27,1539.00000,0.004576
91068,2022-09-28,1566.59998,0.017934
91068,2022-09-29,1543.34998,-0.014841
91068,2022-09-30,1502.76001,-0.026300
91068,2022-10-03,1504.69995,0.001291
91068,2022-10-04,1536.15002,0.020901
91068,2022-10-05,1519.78003,-0.010657
91068,2022-10-06,1506.98999,-0.008416
91068,2022-10-07,1478.75000,-0.018739
91068,2022-10-10,1475.82996,-0.001975
91068,2022-10-11,1491.06006,0.010320
91068,2022-10-12,1522.54004,0.021112
91068,2022-10-13,1558.23999,0.023448
91068,2022-10-14,1508.41003,-0.031978
91068,2022-10-17,1541.97998,0.022255
91068,2022-10-18,1543.98999,0.001304
91068,2022-10-19,1527.20996,-0.010868
91068,2022-10-20,1536.19995,0.005887
91068,2022-10-21,1549.81995,0.008866
91068,2022-10-24,1545.83997,-0.002568
91068,2022-10-25,1584.02002,0.024699
91068,2022-10-26,1476.03003,-0.068175
91068,2022-10-27,1466.93994,-0.006158
91068,2022-10-28,1505.00000,0.025945
91068,2022-10-31,1498.32996,-0.004432
91068,2022-11-01,1477.71997,-0.013755
91068,2022-11-02,1407.97998,-0.047194
91068,2022-11-03,1391.87000,-0.011442
91068,2022-11-04,1397.56995,0.004095
91068,2022-11-07,1396.37000,-0.000859
91068,2022-11-08,1389.64001,-0.004820
91068,2022-11-09,1375.81995,-0.009945
91068,2022-11-10,1470.92004,0.069122
91068,2022-11-11,1506.34998,0.024087
91068,2022-11-14,1513.12000,0.004494
91068,2022-11-15,1523.46997,0.006840
91068,2022-11-16,1526.55005,0.002022
91068,2022-11-17,1493.82996,-0.021434
91068,2022-11-18,1502.47998,0.005791
91068,2022-11-21,1494.39001,-0.005384
91068,2022-11-22,1505.90002,0.007702
91068,2022-11-23,1508.82996,0.001946
91068,2022-11-25,1515.19995,0.004222
91068,2022-11-28,1527.56006,0.008157
91068,2022-11-29,1552.71997,0.016471
91068,2022-11-30,1626.95996,0.047813
91068,2022-12-01,1625.82996,-0.000695
91068,2022-12-02,1604.88000,-0.012886
91068,2022-12-05,1570.60999,-0.021354
91068,2022-12-06,1508.40002,-0.039609
91068,2022-12-07,1509.45996,0.000703
91068,2022-12-08,1531.00000,0.014270
91068,2022-12-09,1526.26001,-0.003096
91068,2022-12-12,1561.19995,0.022893
91068,2022-12-13,1548.31995,-0.008250
91068,2022-12-14,1538.29004,-0.006478
91068,2022-12-15,1487.53003,-0.032998
91068,2022-12-16,1462.10999,-0.017089
91068,2022-12-19,1414.97998,-0.032234
91068,2022-12-20,1428.38000,0.009470
91068,2022-12-21,1425.18994,-0.002233
91068,2022-12-22,1407.80005,-0.012202
91068,2022-12-23,1412.35999,0.003239
91068,2022-12-27,1398.00000,-0.010167
91068,2022-12-28,1378.28003,-0.014106
91068,2022-12-29,1404.94995,0.019350
91068,2022-12-30,1387.48999,-0.012427
91068,2023-01-03,1371.13000,-0.011791
91068,2023-01-04,1376.05005,0.003588
91068,2023-01-05,1364.16003,-0.008641
91068,2023-01-06,1402.06006,0.027783
91068,2023-01-09,1446.73999,0.031867
91068,2023-01-10,1451.43005,0.003242
91068,2023-01-11,1479.20996,0.019140
91068,2023-01-12,1512.46997,0.022485
91068,2023-01-13,1524.56995,0.008000
91068,2023-01-17,1551.54004,0.017690
91068,2023-01-18,1512.04004,-0.025459
91068,2023-01-19,1504.14001,-0.005225
91068,2023-01-20,1555.18994,0.033940
91068,2023-01-23,1597.34998,0.027109
91068,2023-01-24,1595.08997,-0.001415
91068,2023-01-25,1563.97998,-0.019504
91068,2023-01-26,1606.29004,0.027053
91068,2023-01-27,1613.78003,0.004663
91068,2023-01-30,1609.85999,-0.002429
91068,2023-01-31,1646.38000,0.022685
91068,2023-02-01,1652.56006,0.003754
91068,2023-02-02,1689.67004,0.022456
91068,2023-02-03,1692.96997,0.001953
91068,2023-02-06,1700.28003,0.004318
91068,2023-02-07,1722.85999,0.013280
91068,2023-02-08,1637.41003,-0.049598
91068,2023-02-09,1606.91003,-0.018627
91068,2023-02-10,1583.89001,-0.014326
91068,2023-02-13,1614.31006,0.019206
91068,2023-02-14,1644.52002,0.018714
91068,2023-02-15,1656.54004,0.007309
91068,2023-02-16,1621.23999,-0.021310
91068,2023-02-17,1617.67004,-0.002202
91068,2023-02-21,1569.26001,-0.029926
91068,2023-02-22,1552.38000,-0.010757
91068,2023-02-23,1522.48999,-0.019254
91068,2023-02-24,1476.72998,-0.030056
91068,2023-02-27,1494.75000,0.012203
91068,2023-02-28,1491.07996,-0.002455
91068,2023-03-01,1484.77002,-0.004232
91068,2023-03-02,1495.27002,0.007072
91068,2023-03-03,1510.00000,0.009851
91068,2023-03-06,1505.13000,-0.003225
91068,2023-03-07,1509.68005,0.003023
91068,2023-03-08,1533.06006,0.015487
91068,2023-03-09,1551.09998,0.011767
91068,2023-03-10,1550.70996,-0.000251
91068,2023-03-13,1566.33997,0.010079
91068,2023-03-14,1590.76001,0.015591
91068,2023-03-15,1590.87000,0.000069
91068,2023-03-16,1625.14001,0.021542
91068,2023-03-17,1608.83997,-0.010030
91068,2023-03-20,1610.22998,0.000864
91068,2023-03-21,1627.95996,0.011011
91068,2023-03-22,1622.46997,-0.003372
91068,2023-03-23,1632.53003,0.006200
91068,2023-03-24,1624.25000,-0.005072
91068,2023-03-27,1647.81995,0.014511
91068,2023-03-28,1652.90002,0.003083
91068,2023-03-29,1656.71997,0.002311
91068,2023-03-30,1672.17004,0.009326
91068,2023-03-31,1708.29004,0.021601
91068,2023-04-03,1717.72998,0.005526
91068,2023-04-04,1734.83997,0.009961
91068,2023-04-05,1697.42004,-0.021570
91068,2023-04-06,1685.20996,-0.007193
91068,2023-04-10,1691.56006,0.003768
91068,2023-04-11,1714.06006,0.013301
91068,2023-04-12,1695.77002,-0.010671
91068,2023-04-13,1717.89001,0.013044
91068,2023-04-14,1738.30005,0.011881
91068,2023-04-17,1775.00000,0.021113
91068,2023-04-18,1778.45996,0.001949
91068,2023-04-19,1805.00000,0.014923
91068,2023-04-20,1798.40002,-0.003656
91068,2023-04-21,1800.00000,0.000890
91068,2023-04-24,1796.96997,-0.001683
91068,2023-04-25,1780.00000,-0.009444
91068,2023-04-26,2009.84998,0.129129
91068,2023-04-27,2036.26001,0.013140
91068,2023-04-28,2067.62012,0.015401
91068,2023-05-01,2039.28003,-0.013707
91068,2023-05-02,2053.95996,0.007199
91068,2023-05-03,2058.12012,0.002025
91068,2023-05-04,2033.51001,-0.011958
91068,2023-05-05,2028.20996,-0.002606
91068,2023-05-08,2032.83997,0.002283
91068,2023-05-09,2032.66003,-0.000089
91068,2023-05-10,2054.84009,0.010912
91068,2023-05-11,2058.50000,0.001781
91068,2023-05-12,2045.63000,-0.006252
91068,2023-05-15,2047.12000,0.000728
91068,2023-05-16,2050.21997,0.001514
91068,2023-05-17,2062.01001,0.005751
91068,2023-05-18,2095.87012,0.016421
91068,2023-05-19,2106.21997,0.004938
91068,2023-05-22,2101.93994,-0.002032
91068,2023-05-23,2047.01001,-0.026133
91068,2023-05-24,2053.07007,0.002960
91068,2023-05-25,2057.89990,0.002352
91068,2023-05-26,2071.02002,0.006375
91068,2023-05-30,2071.28003,0.000126
91068,2023-05-31,2076.48999,0.002515
91068,2023-06-01,2082.33008,0.002812
91068,2023-06-02,2062.22998,-0.009653
91068,2023-06-05,2074.37988,0.005892
91068,2023-06-06,2058.12012,-0.007838
91068,2023-06-07,2022.90002,-0.017113
91068,2023-06-08,2023.22998,0.000163
91068,2023-06-09,2040.55005,0.008561
91068,2023-06-12,2063.66992,0.011330
91068,2023-06-13,2065.72998,0.000998
91068,2023-06-14,2061.16992,-0.002207
91068,2023-06-15,2051.65991,-0.004614
91068,2023-06-16,2032.92004,-0.009134
91068,2023-06-20,2049.80005,0.008303
91068,2023-06-21,2074.47998,0.012040
91068,2023-06-22,2050.52002,-0.011550
91068,2023-06-23,2043.68005,-0.003336
91068,2023-06-26,2032.31006,-0.005563
91068,2023-06-27,2066.72998,0.016936
91068,2023-06-28,2101.48999,0.016819
91068,2023-06-29,2110.60010,0.004335
91068,2023-06-30,2139.00000,0.013456
91068,2023-07-03,2123.54004,-0.007228
91068,2023-07-05,2120.70996,-0.001333
91068,2023-07-06,2093.37012,-0.012892
91068,2023-07-07,2077.45996,-0.007600
91068,2023-07-10,2093.09009,0.007524
91068,2023-07-11,2053.28003,-0.019020
91068,2023-07-12,2076.00000,0.011065
91068,2023-07-13,2048.86011,-0.013073
91068,2023-07-14,2055.97998,0.003475
91068,2023-07-17,2127.51001,0.034791
91068,2023-07-18,2153.19995,0.012075
91068,2023-07-19,2139.12988,-0.006534
91068,2023-07-20,2094.70996,-0.020765
91068,2023-07-21,2098.87012,0.001986
91068,2023-07-24,2082.98999,-0.007566
91068,2023-07-25,2092.34009,0.004489
91068,2023-07-26,2087.86011,-0.002141
91068,2023-07-27,1882.97998,-0.098129
91068,2023-07-28,1912.52002,0.015688
91068,2023-07-31,1962.28003,0.026018
91068,2023-08-01,1955.00000,-0.003710
91068,2023-08-02,1936.85999,-0.009279
91068,2023-08-03,1922.92004,-0.007197
91068,2023-08-04,1890.60999,-0.016803
91068,2023-08-07,1890.00000,-0.000323
91068,2023-08-08,1861.34998,-0.015159
91068,2023-08-09,1850.56995,-0.005792
91068,2023-08-10,1845.70996,-0.002626
91068,2023-08-11,1846.55005,0.000455
91068,2023-08-14,1850.07996,0.001912
91068,2023-08-15,1848.16003,-0.001038
91068,2023-08-16,1866.89001,0.010134
91068,2023-08-17,1848.54004,-0.009829
91068,2023-08-18,1849.19995,0.000357
91068,2023-08-21,1866.13000,0.009155
91068,2023-08-22,1872.04004,0.003167
91068,2023-08-23,1894.91003,0.012217
91068,2023-08-24,1872.31995,-0.011921
91068,2023-08-25,1876.78003,0.002382
91068,2023-08-28,1899.27002,0.011983
91068,2023-08-29,1903.07996,0.002006
91068,2023-08-30,1938.56995,0.018649
91068,2023-08-31,1926.64001,-0.006154
91068,2023-09-01,1938.60999,0.006213
91068,2023-09-05,1951.48999,0.006644
91068,2023-09-06,1954.12000,0.001348
91068,2023-09-07,1966.83997,0.006509
91068,2023-09-08,1945.09998,-0.011053
91068,2023-09-11,1948.84998,0.001928
91068,2023-09-12,1933.01001,-0.008128
91068,2023-09-13,1933.04004,0.000016
91068,2023-09-14,1936.12000,0.001593
91068,2023-09-15,1912.50000,-0.012200
91068,2023-09-18,1938.35999,0.013522
91068,2023-09-19,1924.67004,-0.007063
91068,2023-09-20,1920.47998,-0.002177
91068,2023-09-21,1866.01001,-0.028363
91068,2023-09-22,1875.57996,0.005129
91068,2023-09-25,1859.68994,-0.008472
91068,2023-09-26,1847.62000,-0.006490
91068,2023-09-27,1806.07996,-0.022483
91068,2023-09-28,1838.72998,0.018078
91068,2023-09-29,1831.82996,-0.003753
91068,2023-10-02,1867.13000,0.019270
91068,2023-10-03,1837.18994,-0.016035
91068,2023-10-04,1857.98999,0.011322
91068,2023-10-05,1861.57996,0.001932
91068,2023-10-06,1822.27002,-0.021116
91068,2023-10-09,1833.01001,0.005894
91068,2023-10-10,1832.12000,-0.000486
91068,2023-10-11,1823.47998,-0.004716
91068,2023-10-12,1793.68005,-0.016342
91068,2023-10-13,1781.47998,-0.006802
91068,2023-10-16,1810.44995,0.016262
91068,2023-10-17,1829.51001,0.010528
91068,2023-10-18,1840.72998,0.006133
91068,2023-10-19,1847.63000,0.003749
91068,2023-10-20,1831.25000,-0.008865
91068,2023-10-23,1819.66003,-0.006329
91068,2023-10-24,1855.08997,0.019471
91068,2023-10-25,1841.87000,-0.007126
91068,2023-10-26,1806.46997,-0.019220
91068,2023-10-27,1887.58997,0.044905
91068,2023-10-30,1909.30005,0.011501
91068,2023-10-31,1942.19995,0.017231
91068,2023-11-01,1986.64001,0.022881
91068,2023-11-02,2035.37000,0.024529
91068,2023-11-03,2040.53003,0.002535
91068,2023-11-06,2069.05005,0.013977
91068,2023-11-07,2064.78003,-0.002064
91068,2023-11-08,2084.00000,0.009308
91068,2023-11-09,2095.11011,0.005331
91068,2023-11-10,2120.58008,0.012157
91068,2023-11-13,2150.42993,0.014076
91068,2023-11-14,2166.02002,0.007250
91068,2023-11-15,2155.81006,-0.004714
91068,2023-11-16,2173.10010,0.008020
91068,2023-11-17,2162.21997,-0.005007
91068,2023-11-20,2186.68994,0.011317
91068,2023-11-21,2197.63989,0.005008
91068,2023-11-22,2218.92993,0.009688
91068,2023-11-24,2219.66992,0.000333
91068,2023-11-27,2209.18994,-0.004721
91068,2023-11-28,2206.66992,-0.001141
91068,2023-11-29,2189.11011,-0.007958
91068,2023-11-30,2202.25000,0.006002
91068,2023-12-01,2233.83008,0.014340
91068,2023-12-04,2219.19995,-0.006549
91068,2023-12-05,2226.25000,0.003177
91068,2023-12-06,2210.05005,-0.007277
91068,2023-12-07,2226.25000,0.007330
91068,2023-12-08,2242.94995,0.007501
91068,2023-12-11,2295.47998,0.023420
91068,2023-12-12,2320.38989,0.010852
91068,2023-12-13,2340.00000,0.008451
91068,2023-12-14,2275.69995,-0.027479
91068,2023-12-15,2271.46997,-0.001859
91068,2023-12-18,2297.03003,0.011253
91068,2023-12-19,2327.03003,0.013060
91068,2023-12-20,2313.87012,-0.005655
91068,2023-12-21,2307.10010,-0.002926
91068,2023-12-22,2304.35010,-0.001192
91068,2023-12-26,2319.52002,0.006583
91068,2023-12-27,2307.43994,-0.005208
91068,2023-12-28,2278.37988,-0.012594
91068,2023-12-29,2286.95996,0.003766
