PERMNO,date,PRC,VOL,vwretd
90248,2017-01-03,158.36000,797593,0.008205
90248,2017-01-04,162.99001,679367,0.008618
90248,2017-01-05,162.77000,482054,-0.000945
90248,2017-01-06,163.49001,548495,0.002310
90248,2017-01-09,164.50999,478624,-0.003925
90248,2017-01-10,166.36000,834299,0.001311
90248,2017-01-11,168.96001,705212,0.003227
90248,2017-01-12,168.36000,601076,-0.002536
90248,2017-01-13,167.16000,475747,0.002819
90248,2017-01-17,164.92999,483870,-0.003693
90248,2017-01-18,165.57001,527763,0.001415
90248,2017-01-19,166.03999,340848,-0.003889
90248,2017-01-20,167.87000,436873,0.003625
90248,2017-01-23,167.03999,584030,-0.001921
90248,2017-01-24,169.50999,601603,0.008375
90248,2017-01-25,170.57001,296036,0.008078
90248,2017-01-26,170.94000,322058,-0.001150
90248,2017-01-27,172.02000,462266,-0.001599
90248,2017-01-30,173.92999,655437,-0.007057
90248,2017-01-31,174.53999,822034,0.000839
90248,2017-02-01,170.89000,662223,0.000282
90248,2017-02-02,174.91000,1155312,0.000599
90248,2017-02-03,175.89000,750089,0.007801
90248,2017-02-06,177.94000,844506,-0.002713
90248,2017-02-07,182.96001,1561739,-0.000541
90248,2017-02-08,185.17999,837934,0.001224
90248,2017-02-09,185.89999,704453,0.006490
90248,2017-02-10,186.37000,647252,0.004103
90248,2017-02-13,183.80000,781175,0.004652
90248,2017-02-14,184.91000,526174,0.003882
90248,2017-02-15,185.94000,618160,0.004785
90248,2017-02-16,186.10001,313629,-0.001251
90248,2017-02-17,187.92999,458793,0.001900
90248,2017-02-21,188.92000,450374,0.005811
90248,2017-02-22,183.00000,1357022,-0.001741
90248,2017-02-23,186.30000,1029108,-0.000909
90248,2017-02-24,186.28000,859090,0.000450
90248,2017-02-27,185.42000,1228896,0.001995
90248,2017-02-28,189.81000,2158198,-0.004647
90248,2017-03-01,187.45000,1154935,0.013366
90248,2017-03-02,189.37000,802534,-0.006862
90248,2017-03-03,189.03999,566789,0.000944
90248,2017-03-06,188.89000,430355,-0.003808
90248,2017-03-07,189.30000,442435,-0.003455
90248,2017-03-08,188.36000,398755,-0.003233
90248,2017-03-09,184.69000,1050039,-0.000246
90248,2017-03-10,186.73000,687365,0.003446
90248,2017-03-13,186.78999,616694,0.001665
90248,2017-03-14,183.67000,693924,-0.004180
90248,2017-03-15,186.27000,917431,0.010125
90248,2017-03-16,185.62000,759376,-0.000614
90248,2017-03-17,184.83000,869780,-0.000812
90248,2017-03-20,183.69000,929815,-0.002332
90248,2017-03-21,184.02000,1115263,-0.013602
90248,2017-03-22,184.13000,691193,0.001795
90248,2017-03-23,184.35001,481253,0.000156
90248,2017-03-24,182.95000,907287,-0.000317
90248,2017-03-27,183.95000,523494,-0.000361
90248,2017-03-28,184.94000,438858,0.006893
90248,2017-03-29,182.77000,560548,0.002268
90248,2017-03-30,184.11000,614153,0.002599
90248,2017-03-31,184.30000,479884,-0.001095
90248,2017-04-03,186.23000,751133,-0.002624
90248,2017-04-04,186.36000,555012,0.000621
90248,2017-04-05,185.14000,538995,-0.004134
90248,2017-04-06,186.00000,401850,0.003506
90248,2017-04-07,175.16000,2876994,-0.000717
90248,2017-04-10,173.75000,1143255,0.001468
90248,2017-04-11,175.50999,781392,-0.000127
90248,2017-04-12,175.13000,691794,-0.004575
90248,2017-04-13,174.03999,690782,-0.007191
90248,2017-04-17,175.03999,676439,0.008654
90248,2017-04-18,176.63000,1208762,-0.002508
90248,2017-04-19,175.71001,971667,-0.001333
90248,2017-04-20,176.91000,459924,0.007669
90248,2017-04-21,179.30000,918114,-0.002842
90248,2017-04-24,180.59000,915542,0.010754
90248,2017-04-25,180.59000,670350,0.005960
90248,2017-04-26,180.96001,1279470,-0.000105
90248,2017-04-27,185.55000,2422201,-0.000040
90248,2017-04-28,181.39000,1068379,-0.002611
90248,2017-05-01,182.16000,621486,0.002001
90248,2017-05-02,184.41000,916686,0.000255
90248,2017-05-03,187.07001,913895,-0.002573
90248,2017-05-04,190.39000,1022371,-0.000777
90248,2017-05-05,193.12000,779355,0.005792
90248,2017-05-08,192.28999,701723,-0.000820
90248,2017-05-09,195.36000,689882,-0.000984
90248,2017-05-10,195.67000,649990,0.002600
90248,2017-05-11,195.38000,419787,-0.002715
90248,2017-05-12,195.28000,398616,-0.001539
90248,2017-05-15,196.52000,828306,0.005603
90248,2017-05-16,196.23000,430058,-0.000384
90248,2017-05-17,191.46001,595359,-0.018102
90248,2017-05-18,194.71001,1097768,0.003369
90248,2017-05-19,195.80000,645354,0.007577
90248,2017-05-22,198.82001,603690,0.005394
90248,2017-05-23,199.25000,488886,0.001526
90248,2017-05-24,205.97000,1083004,0.002402
90248,2017-05-25,208.03999,878783,0.003248
90248,2017-05-26,207.05000,635960,0.000310
90248,2017-05-30,208.49001,467399,-0.002267
90248,2017-05-31,211.72000,739070,-0.000326
90248,2017-06-01,215.34000,899504,0.009052
90248,2017-06-02,218.05000,728973,0.003486
90248,2017-06-05,217.10001,449471,-0.001819
90248,2017-06-06,217.85001,912277,-0.002150
90248,2017-06-07,218.14999,514063,0.000725
90248,2017-06-08,217.88000,410194,0.001597
90248,2017-06-09,206.19000,1366105,-0.000547
90248,2017-06-12,204.07001,905890,-0.000866
90248,2017-06-13,208.39999,712403,0.005328
90248,2017-06-14,210.56000,709661,-0.002289
90248,2017-06-15,209.56000,437996,-0.002973
90248,2017-06-16,210.84000,1406718,0.000543
90248,2017-06-19,215.73000,920144,0.007639
90248,2017-06-20,215.03000,601834,-0.007515
90248,2017-06-21,216.09000,402748,-0.000752
90248,2017-06-22,218.09000,571855,0.000802
90248,2017-06-23,217.05000,624117,0.002916
90248,2017-06-26,218.88000,567332,0.000940
90248,2017-06-27,213.14000,620804,-0.007476
90248,2017-06-28,213.60001,739772,0.010009
90248,2017-06-29,210.75000,652595,-0.008117
90248,2017-06-30,211.53000,534761,0.001446
90248,2017-07-03,209.92000,176950,0.003039
90248,2017-07-05,208.03000,582591,0.000131
90248,2017-07-06,208.84000,624585,-0.009231
90248,2017-07-07,212.32001,444206,0.006444
90248,2017-07-10,211.62000,572369,0.000501
90248,2017-07-11,212.11000,775595,0.000236
90248,2017-07-12,213.53999,515314,0.007693
90248,2017-07-13,210.45000,838531,0.001729
90248,2017-07-14,209.21001,799368,0.004849
90248,2017-07-17,208.25000,1169400,0.000014
90248,2017-07-18,211.45000,962550,0.000459
90248,2017-07-19,212.52000,654329,0.005964
90248,2017-07-20,212.44000,609138,0.000033
90248,2017-07-21,213.22000,542660,-0.000922
90248,2017-07-24,213.97000,1159574,-0.000133
90248,2017-07-25,192.39999,4249525,0.003457
90248,2017-07-26,186.42999,2890590,-0.000085
90248,2017-07-27,182.42999,1862408,-0.002093
90248,2017-07-28,183.09000,1168960,-0.001066
90248,2017-07-31,186.50000,1594615,-0.000859
90248,2017-08-01,186.45000,748646,0.002360
90248,2017-08-02,192.35001,1830113,-0.000989
90248,2017-08-03,198.23000,1986703,-0.002180
90248,2017-08-04,196.78999,1180667,0.002012
90248,2017-08-07,195.42999,902201,0.001414
90248,2017-08-08,192.14000,1089163,-0.002772
90248,2017-08-09,193.83000,1193215,-0.001449
90248,2017-08-10,192.53000,786876,-0.014415
90248,2017-08-11,192.86000,756034,0.001508
90248,2017-08-14,193.91000,674472,0.009827
90248,2017-08-15,188.17000,2029641,-0.001450
90248,2017-08-16,187.67000,1404103,0.002153
90248,2017-08-17,188.25999,788334,-0.014559
90248,2017-08-18,188.66000,1275769,-0.001186
90248,2017-08-21,189.48000,1023846,0.000858
90248,2017-08-22,189.00999,750803,0.009406
90248,2017-08-23,187.69000,692586,-0.001918
90248,2017-08-24,183.30000,1227834,-0.001160
90248,2017-08-25,178.73000,2112333,0.002002
90248,2017-08-28,178.75999,1031615,0.000326
90248,2017-08-29,178.38000,979052,0.000673
90248,2017-08-30,178.92999,851621,0.004622
90248,2017-08-31,182.25999,1084921,0.006903
90248,2017-09-01,183.59000,708045,0.002852
90248,2017-09-05,182.50000,745811,-0.007620
90248,2017-09-06,182.63000,813092,0.003190
90248,2017-09-07,183.32001,591547,-0.000032
90248,2017-09-08,186.42999,943865,-0.001271
90248,2017-09-11,189.02000,1203208,0.010251
90248,2017-09-12,189.92000,936077,0.003547
90248,2017-09-13,188.55000,797334,0.000552
90248,2017-09-14,189.91000,1037258,-0.000492
90248,2017-09-15,194.67999,1916137,0.001829
90248,2017-09-18,195.62000,1345698,0.002006
90248,2017-09-19,195.92999,850495,0.001121
90248,2017-09-20,197.58000,1155526,0.000919
90248,2017-09-21,198.03999,716753,-0.002543
90248,2017-09-22,197.21001,1031252,0.001100
90248,2017-09-25,193.42000,1152543,-0.001881
90248,2017-09-26,193.31000,657187,0.000213
90248,2017-09-27,196.84000,586791,0.004975
90248,2017-09-28,197.03999,656856,0.001611
90248,2017-09-29,198.55000,636446,0.003328
90248,2017-10-02,199.99001,1196930,0.004542
90248,2017-10-03,202.81000,1254999,0.002500
90248,2017-10-04,201.64000,957061,0.000781
90248,2017-10-05,206.02000,839550,0.004770
90248,2017-10-06,205.39000,893901,-0.000977
90248,2017-10-09,205.80000,768247,-0.001988
90248,2017-10-10,209.44000,1336547,0.002717
90248,2017-10-11,209.24001,1828467,0.001950
90248,2017-10-12,201.03000,4872869,-0.001538
90248,2017-10-13,192.98000,2574367,0.000886
90248,2017-10-16,193.19000,1977757,0.001013
90248,2017-10-17,192.27000,1316933,-0.000188
90248,2017-10-18,187.78999,1493002,0.000987
90248,2017-10-19,186.12000,1086435,-0.000131
90248,2017-10-20,186.11000,1553501,0.004204
90248,2017-10-23,182.63000,1310583,-0.004272
90248,2017-10-24,183.84000,1060222,0.001655
90248,2017-10-25,185.75000,1028195,-0.005407
90248,2017-10-26,185.67999,739606,0.001500
90248,2017-10-27,184.67999,778617,0.007589
90248,2017-10-30,181.70000,1045956,-0.003392
90248,2017-10-31,183.00000,774841,0.002030
90248,2017-11-01,177.25000,1523235,0.000748
90248,2017-11-02,178.09000,1120425,0.000340
90248,2017-11-03,177.94000,1024825,0.002852
90248,2017-11-06,173.46001,1992985,0.002097
90248,2017-11-07,170.10001,1801781,-0.001835
90248,2017-11-08,168.71001,1461935,0.001385
90248,2017-11-09,173.21001,1332400,-0.003602
90248,2017-11-10,173.33000,1165644,-0.000272
90248,2017-11-13,173.03000,672378,0.000195
90248,2017-11-14,175.66000,923824,-0.002560
90248,2017-11-15,175.75999,957814,-0.004852
90248,2017-11-16,177.47000,1077049,0.009334
90248,2017-11-17,178.64999,1133930,-0.000921
90248,2017-11-20,177.77000,881628,0.001805
90248,2017-11-21,176.88000,712172,0.006542
90248,2017-11-22,176.55000,765731,-0.000064
90248,2017-11-24,177.34000,306813,0.002145
90248,2017-11-27,174.52000,893552,-0.001546
90248,2017-11-28,172.28999,1874652,0.008835
90248,2017-11-29,179.17000,1651852,-0.000731
90248,2017-11-30,186.16000,1316981,0.007237
90248,2017-12-01,184.62000,1491807,-0.001124
90248,2017-12-04,187.62000,1341168,-0.001749
90248,2017-12-05,185.50000,707110,-0.004180
90248,2017-12-06,181.17000,636139,-0.001387
90248,2017-12-07,179.50999,918677,0.004019
90248,2017-12-08,183.91000,1486440,0.005050
90248,2017-12-11,180.96001,1029043,0.002781
90248,2017-12-12,180.61000,669309,0.000744
90248,2017-12-13,180.50999,637394,0.000541
90248,2017-12-14,182.52000,1401677,-0.004374
90248,2017-12-15,185.03999,1287016,0.007951
90248,2017-12-18,186.00000,1627851,0.006749
90248,2017-12-19,187.06000,636578,-0.003411
90248,2017-12-20,183.62000,843794,-0.000103
90248,2017-12-21,188.39000,880965,0.002510
90248,2017-12-22,192.87000,844433,-0.000161
90248,2017-12-26,190.37000,622936,-0.000171
90248,2017-12-27,190.57001,441446,0.000848
90248,2017-12-28,189.98000,432025,0.002503
90248,2017-12-29,188.96001,1015445,-0.004750
90248,2018-01-02,186.94000,926200,0.008505
90248,2018-01-03,191.66000,646743,0.005856
90248,2018-01-04,197.28999,1539502,0.004001
90248,2018-01-05,200.30000,1158547,0.005804
90248,2018-01-08,203.61000,1068301,0.001816
90248,2018-01-09,206.71001,1159025,0.000921
90248,2018-01-10,200.09000,2404813,-0.001506
90248,2018-01-11,209.85001,1464964,0.008295
90248,2018-01-12,211.14999,1015714,0.006082
90248,2018-01-16,209.28999,1104914,-0.004432
90248,2018-01-17,207.89000,836723,0.008575
90248,2018-01-18,210.91000,769321,-0.002002
90248,2018-01-19,213.53999,615679,0.005419
90248,2018-01-22,216.28999,840325,0.007587
90248,2018-01-23,219.57001,1145383,0.002623
90248,2018-01-24,218.72000,836049,-0.000901
90248,2018-01-25,219.33000,762278,0.000076
90248,2018-01-26,216.78000,765979,0.009965
90248,2018-01-29,215.33000,705373,-0.006914
90248,2018-01-30,215.95000,617719,-0.010195
90248,2018-01-31,216.85001,699257,0.000149
90248,2018-02-01,218.67000,687121,-0.000265
90248,2018-02-02,214.38000,784330,-0.020867
90248,2018-02-05,208.02000,946834,-0.038014
90248,2018-02-06,208.46001,1396607,0.015314
90248,2018-02-07,211.31000,884521,-0.004174
90248,2018-02-08,198.57001,1449964,-0.034694
90248,2018-02-09,206.09000,1228442,0.012281
90248,2018-02-12,211.87000,943140,0.013221
90248,2018-02-13,208.00000,1277869,0.002897
90248,2018-02-14,209.78000,918306,0.014362
90248,2018-02-15,217.70000,1398979,0.011112
90248,2018-02-16,220.74001,1397075,0.000368
90248,2018-02-20,221.49001,4770099,-0.006285
90248,2018-02-21,230.53000,3409679,-0.004405
90248,2018-02-22,227.00000,1791477,0.000219
90248,2018-02-23,228.85001,1014801,0.014656
90248,2018-02-26,228.02000,980820,0.009999
90248,2018-02-27,226.47000,634169,-0.012554
90248,2018-02-28,222.41000,918479,-0.011036
90248,2018-03-01,222.82001,898889,-0.010788
90248,2018-03-02,223.10001,873192,0.005872
90248,2018-03-05,219.61000,930100,0.010129
90248,2018-03-06,221.44000,965284,0.004148
90248,2018-03-07,222.96001,754772,0.000450
90248,2018-03-08,222.78000,581067,0.003647
90248,2018-03-09,230.25999,657021,0.015750
90248,2018-03-12,227.69000,855337,-0.000151
90248,2018-03-13,226.39999,675427,-0.006180
90248,2018-03-14,226.66000,394258,-0.004591
90248,2018-03-15,226.82001,808464,-0.002203
90248,2018-03-16,229.78999,904428,0.002435
90248,2018-03-19,227.67000,636175,-0.012909
90248,2018-03-20,231.59000,574269,0.001338
90248,2018-03-21,228.25999,512821,0.000421
90248,2018-03-22,226.39999,915936,-0.023890
90248,2018-03-23,226.64999,799087,-0.019286
90248,2018-03-26,231.28000,632718,0.024231
90248,2018-03-27,231.58000,795067,-0.016562
90248,2018-03-28,233.87000,738546,-0.002589
90248,2018-03-29,233.56000,963759,0.013458
90248,2018-04-02,230.42000,733582,-0.021354
90248,2018-04-03,233.47000,539037,0.011507
90248,2018-04-04,231.45000,1026203,0.010361
90248,2018-04-05,235.78999,610887,0.007405
90248,2018-04-06,231.46001,658238,-0.019971
90248,2018-04-09,232.42999,380574,0.002849
90248,2018-04-10,231.70000,445171,0.016406
90248,2018-04-11,231.00000,326701,-0.003796
90248,2018-04-12,231.48000,398770,0.006932
90248,2018-04-13,230.32001,528565,-0.003070
90248,2018-04-16,232.35001,353574,0.008002
90248,2018-04-17,237.16000,414132,0.010291
90248,2018-04-18,238.19000,399598,0.001626
90248,2018-04-19,240.69000,401548,-0.005395
90248,2018-04-20,238.92999,487685,-0.007464
90248,2018-04-23,239.48000,657168,-0.000446
90248,2018-04-24,231.82001,891675,-0.011375
90248,2018-04-25,233.53000,845189,0.000773
90248,2018-04-26,250.61000,1709128,0.009015
90248,2018-04-27,248.42000,987656,0.000715
90248,2018-04-30,241.73000,841352,-0.007258
90248,2018-05-01,247.67999,645680,0.002191
90248,2018-05-02,244.28000,521571,-0.005574
90248,2018-05-03,245.83000,552462,-0.002256
90248,2018-05-04,248.24001,307674,0.012299
90248,2018-05-07,250.50000,565898,0.004128
90248,2018-05-08,250.41000,627744,0.000407
90248,2018-05-09,249.91000,543483,0.008609
90248,2018-05-10,249.72000,573029,0.008627
90248,2018-05-11,249.91000,325688,0.001549
90248,2018-05-14,246.14000,414594,0.000775
90248,2018-05-15,247.10001,423897,-0.005764
90248,2018-05-16,247.34000,389972,0.004811
90248,2018-05-17,246.55000,336063,0.000295
90248,2018-05-18,244.86000,697857,-0.002228
90248,2018-05-21,248.37000,536678,0.006987
90248,2018-05-22,248.21001,318451,-0.003453
90248,2018-05-23,249.49001,520546,0.002289
90248,2018-05-24,252.24001,521042,-0.001827
90248,2018-05-25,250.34000,283897,-0.002208
90248,2018-05-29,245.80000,674236,-0.009951
90248,2018-05-30,251.70000,586885,0.013096
90248,2018-05-31,251.48000,579580,-0.006490
90248,2018-06-01,252.85001,557397,0.009646
90248,2018-06-04,255.39000,488315,0.004526
90248,2018-06-05,262.63000,805162,0.001474
90248,2018-06-06,269.63000,817884,0.007987
90248,2018-06-07,272.04001,889364,-0.001115
90248,2018-06-08,270.04001,671187,0.002985
90248,2018-06-11,269.76999,453321,0.001520
90248,2018-06-12,273.20001,551101,0.001944
90248,2018-06-13,273.57999,478442,-0.003612
90248,2018-06-14,273.64999,538973,0.002641
90248,2018-06-15,277.34000,559348,-0.001637
90248,2018-06-18,281.73001,509465,-0.000751
90248,2018-06-19,287.39001,674192,-0.004079
90248,2018-06-20,287.89999,587240,0.002734
90248,2018-06-21,290.76001,775935,-0.006898
90248,2018-06-22,292.39001,525924,0.002282
90248,2018-06-25,279.51001,1182096,-0.014414
90248,2018-06-26,283.10999,1210982,0.002922
90248,2018-06-27,281.47000,516561,-0.009748
90248,2018-06-28,282.09000,324863,0.005631
90248,2018-06-29,282.17001,318352,0.001584
90248,2018-07-02,281.00000,496096,0.002185
90248,2018-07-03,280.13000,202520,-0.002892
90248,2018-07-05,277.73999,534532,0.008475
90248,2018-07-06,279.14999,481978,0.008390
90248,2018-07-09,278.26999,529256,0.008401
90248,2018-07-10,272.39001,648791,0.002293
90248,2018-07-11,279.66000,783964,-0.007407
90248,2018-07-12,279.03000,345474,0.008241
90248,2018-07-13,281.39999,456181,0.000713
90248,2018-07-16,279.19000,354161,-0.001830
90248,2018-07-17,282.04001,844596,0.003883
90248,2018-07-18,283.67999,1079768,0.002471
90248,2018-07-19,276.75000,1970197,-0.002465
90248,2018-07-20,277.17001,587028,-0.001024
90248,2018-07-23,271.75000,690502,0.001025
90248,2018-07-24,263.07001,913285,0.001977
90248,2018-07-25,262.20001,635847,0.008264
90248,2018-07-26,260.00000,504888,-0.001558
90248,2018-07-27,260.70001,698249,-0.007646
90248,2018-07-30,256.41000,702328,-0.005580
90248,2018-07-31,262.66000,682825,0.005536
90248,2018-08-01,270.34000,986687,-0.001296
90248,2018-08-02,276.75000,982205,0.005511
90248,2018-08-03,279.50000,613816,0.003274
90248,2018-08-06,280.14001,483376,0.003857
90248,2018-08-07,277.45001,443627,0.002255
90248,2018-08-08,286.92001,557259,-0.000270
90248,2018-08-09,291.45001,567727,-0.000291
90248,2018-08-10,291.31000,455286,-0.006335
90248,2018-08-13,288.60001,334580,-0.004685
90248,2018-08-14,287.51001,962324,0.006617
90248,2018-08-15,284.19000,551652,-0.009080
90248,2018-08-16,287.72000,631944,0.008016
90248,2018-08-17,285.04001,329905,0.003866
90248,2018-08-20,284.75000,395825,0.002833
90248,2018-08-21,287.37000,275315,0.003128
90248,2018-08-22,291.54001,432917,0.000730
90248,2018-08-23,289.39999,290435,-0.002437
90248,2018-08-24,297.95001,680917,0.006245
90248,2018-08-27,297.89001,453022,0.007157
90248,2018-08-28,299.42999,419252,0.000006
90248,2018-08-29,300.64001,402269,0.005183
90248,2018-08-30,300.67001,216795,-0.004428
90248,2018-08-31,298.56000,360887,0.000301
90248,2018-09-04,296.60001,417993,-0.002248
90248,2018-09-05,289.81000,540435,-0.003502
90248,2018-09-06,290.53000,649554,-0.003967
90248,2018-09-07,294.07001,294355,-0.002371
90248,2018-09-10,293.78000,342974,0.002274
90248,2018-09-11,286.62000,404492,0.003230
90248,2018-09-12,285.23999,511810,0.000829
90248,2018-09-13,284.84000,277237,0.004324
90248,2018-09-14,280.04999,738935,0.000904
90248,2018-09-17,274.60001,709900,-0.005975
90248,2018-09-18,281.81000,637271,0.005494
90248,2018-09-19,279.47000,465621,0.000524
90248,2018-09-20,282.70999,611454,0.007850
90248,2018-09-21,286.22000,871076,-0.001043
90248,2018-09-24,288.98999,587526,-0.003703
90248,2018-09-25,290.79001,662288,-0.000509
90248,2018-09-26,289.17999,413359,-0.004024
90248,2018-09-27,293.45001,514639,0.002401
90248,2018-09-28,294.79999,409042,0.000090
90248,2018-10-01,285.51999,476974,0.001786
90248,2018-10-02,282.28000,290834,-0.002262
90248,2018-10-03,286.00000,344460,0.001625
90248,2018-10-04,281.76999,389594,-0.009310
90248,2018-10-05,282.91000,338251,-0.006058
90248,2018-10-08,280.23999,343481,-0.001348
90248,2018-10-09,284.17999,366832,-0.001788
90248,2018-10-10,274.92001,613365,-0.031351
90248,2018-10-11,270.88000,679280,-0.018802
90248,2018-10-12,277.34000,583397,0.012278
90248,2018-10-15,272.94000,961016,-0.003655
90248,2018-10-16,259.63000,2390782,0.021470
90248,2018-10-17,267.69000,963108,-0.001386
90248,2018-10-18,266.38000,823399,-0.014622
90248,2018-10-19,267.75000,798312,-0.001816
90248,2018-10-22,267.75000,943269,-0.003901
90248,2018-10-23,265.82001,592830,-0.005977
90248,2018-10-24,255.49001,552940,-0.030628
90248,2018-10-25,261.76999,538940,0.017448
90248,2018-10-26,261.23999,550058,-0.015512
90248,2018-10-29,256.48999,572420,-0.006987
90248,2018-10-30,266.23001,811120,0.015604
90248,2018-10-31,268.79001,698148,0.010455
90248,2018-11-01,266.04999,506761,0.013011
90248,2018-11-02,265.29999,538503,-0.004779
90248,2018-11-05,260.26001,551599,0.004439
90248,2018-11-06,263.56000,561720,0.005704
90248,2018-11-07,271.47000,559256,0.019256
90248,2018-11-08,273.14999,487702,-0.002936
90248,2018-11-09,274.35001,402615,-0.009721
90248,2018-11-12,269.09000,416142,-0.018878
90248,2018-11-13,264.70999,357056,-0.001188
90248,2018-11-14,266.12000,392095,-0.006557
90248,2018-11-15,259.62000,629496,0.010788
90248,2018-11-16,264.62000,1112893,0.002082
90248,2018-11-19,252.07001,791503,-0.016575
90248,2018-11-20,255.22000,890127,-0.017946
90248,2018-11-21,259.59000,527382,0.006220
90248,2018-11-23,262.50000,195145,-0.005560
90248,2018-11-26,266.35999,609414,0.014598
90248,2018-11-27,268.57999,479950,0.000513
90248,2018-11-28,273.79999,374141,0.022306
90248,2018-11-29,280.17999,552801,-0.001759
90248,2018-11-30,277.32001,599724,0.006818
90248,2018-12-03,276.35999,508065,0.011443
90248,2018-12-04,266.01999,566663,-0.031761
90248,2018-12-06,266.39999,688546,-0.001887
90248,2018-12-07,258.32001,432304,-0.021063
90248,2018-12-10,255.21001,598346,-0.000255
90248,2018-12-11,252.00000,574057,-0.000717
90248,2018-12-12,249.67999,640362,0.006327
90248,2018-12-13,250.16000,510610,-0.002157
90248,2018-12-14,249.00999,528082,-0.017100
90248,2018-12-17,242.19000,609139,-0.020886
90248,2018-12-18,244.64999,633531,-0.000164
90248,2018-12-19,239.38000,483360,-0.014833
90248,2018-12-20,235.39000,769210,-0.015372
90248,2018-12-21,239.49001,1032821,-0.020591
90248,2018-12-24,234.35001,249206,-0.024166
90248,2018-12-26,248.91000,413118,0.046860
90248,2018-12-27,248.47000,412997,0.006822
90248,2018-12-28,249.95000,404210,0.000154
90248,2018-12-31,247.99001,443226,0.008318
90248,2019-01-02,243.30000,444740,0.001796
90248,2019-01-03,239.69000,596580,-0.021043
90248,2019-01-04,243.60001,405086,0.033410
90248,2019-01-07,246.42999,567811,0.009202
90248,2019-01-08,242.21001,784990,0.010269
90248,2019-01-09,246.59000,713194,0.006199
90248,2019-01-10,246.19000,470225,0.004474
90248,2019-01-11,248.99001,432779,-0.000152
90248,2019-01-14,244.17000,665885,-0.005465
90248,2019-01-15,247.89000,582502,0.009839
90248,2019-01-16,246.85001,476446,0.003177
90248,2019-01-17,258.94000,1406515,0.007082
90248,2019-01-18,267.45999,1210928,0.012032
90248,2019-01-22,263.42999,1193069,-0.014150
90248,2019-01-23,273.16000,649818,0.001313
90248,2019-01-24,276.88000,985254,0.002789
90248,2019-01-25,284.16000,910364,0.009553
90248,2019-01-28,279.79001,748974,-0.006493
90248,2019-01-29,274.85001,672966,-0.000918
90248,2019-01-30,277.06000,599317,0.014357
90248,2019-01-31,283.73001,717514,0.008467
90248,2019-02-01,278.39001,683389,0.001418
90248,2019-02-04,281.07001,520319,0.006692
90248,2019-02-05,289.29001,498381,0.004392
90248,2019-02-06,287.89001,633755,-0.002529
90248,2019-02-07,288.89001,374962,-0.008815
90248,2019-02-08,290.16000,575395,0.000651
90248,2019-02-11,294.85999,623136,0.001262
90248,2019-02-12,287.20999,729287,0.012367
90248,2019-02-13,288.79999,474260,0.002782
90248,2019-02-14,287.17999,871877,-0.001423
90248,2019-02-15,281.64999,823421,0.010835
90248,2019-02-19,279.23001,930568,0.002351
90248,2019-02-20,278.48999,1056199,0.002105
90248,2019-02-21,253.00999,3877518,-0.003534
90248,2019-02-22,260.70999,1785017,0.006367
90248,2019-02-25,255.94000,1231678,0.001355
90248,2019-02-26,252.81000,997543,-0.001496
90248,2019-02-27,252.50999,568200,0.000503
90248,2019-02-28,250.94000,1047250,-0.002832
90248,2019-03-01,250.73000,781249,0.006074
90248,2019-03-04,248.57001,776290,-0.004235
90248,2019-03-05,249.33000,587184,-0.001320
90248,2019-03-06,248.60001,538432,-0.007768
90248,2019-03-07,247.94000,454741,-0.007494
90248,2019-03-08,250.52000,744919,-0.001900
90248,2019-03-11,246.99001,879487,0.014348
90248,2019-03-12,240.00000,1264307,0.002743
90248,2019-03-13,245.37000,922492,0.006419
90248,2019-03-14,247.25000,692608,-0.000989
90248,2019-03-15,244.27000,1038102,0.004549
90248,2019-03-18,243.41000,1068195,0.004449
90248,2019-03-19,248.75999,1329495,-0.000676
90248,2019-03-20,243.94000,637445,-0.003146
90248,2019-03-21,245.05000,705675,0.010294
90248,2019-03-22,239.25000,847871,-0.020352
90248,2019-03-25,242.56000,685697,-0.000328
90248,2019-03-26,245.39999,682305,0.007719
90248,2019-03-27,247.58000,575249,-0.004686
90248,2019-03-28,253.92000,904991,0.004111
90248,2019-03-29,258.10001,1111786,0.006019
90248,2019-04-01,249.45000,1333550,0.011239
90248,2019-04-02,245.22000,1088351,-0.000146
90248,2019-04-03,253.11000,1004962,0.002548
90248,2019-04-04,248.94000,774632,0.001939
90248,2019-04-05,254.56000,884471,0.005114
90248,2019-04-08,247.50000,813253,0.001042
90248,2019-04-09,247.83000,851520,-0.006282
90248,2019-04-10,248.94000,791640,0.004781
90248,2019-04-11,255.55000,1137460,-0.000123
90248,2019-04-12,257.60999,838817,0.006427
90248,2019-04-15,258.89999,695411,-0.001019
90248,2019-04-16,255.34000,861490,0.000713
90248,2019-04-17,265.25000,1590656,-0.003057
90248,2019-04-18,267.60999,971954,0.001078
90248,2019-04-22,266.00000,1747717,0.000550
90248,2019-04-23,270.20001,1743909,0.008919
90248,2019-04-24,283.42001,3793178,-0.002067
90248,2019-04-25,276.45001,1355288,-0.001464
90248,2019-04-26,273.42999,606627,0.005368
90248,2019-04-29,268.87000,823002,0.001457
90248,2019-04-30,270.57999,717550,0.000358
90248,2019-05-01,271.45999,429521,-0.007552
90248,2019-05-02,274.32001,557646,-0.001670
90248,2019-05-03,279.75000,761012,0.010903
90248,2019-05-06,282.01999,576332,-0.003819
90248,2019-05-07,277.39001,573751,-0.016138
90248,2019-05-08,283.14999,527134,-0.001604
90248,2019-05-09,282.16000,621831,-0.002762
90248,2019-05-10,278.37000,710997,0.004061
90248,2019-05-13,273.88000,750629,-0.024490
90248,2019-05-14,272.85999,449203,0.008972
90248,2019-05-15,276.67001,335254,0.005735
90248,2019-05-16,277.84000,449910,0.008466
90248,2019-05-17,281.25000,500093,-0.006777
90248,2019-05-20,284.85999,661634,-0.006482
90248,2019-05-21,284.97000,582488,0.008936
90248,2019-05-22,284.42999,282117,-0.003791
90248,2019-05-23,285.31000,417293,-0.012685
90248,2019-05-24,282.60999,320229,0.002769
90248,2019-05-28,280.73001,473723,-0.007504
90248,2019-05-29,277.73001,432157,-0.006890
90248,2019-05-30,277.28000,518727,0.001395
90248,2019-05-31,279.50000,520257,-0.011731
90248,2019-06-03,276.48999,692984,-0.002132
90248,2019-06-04,284.00000,470527,0.020888
90248,2019-06-05,285.34000,401983,0.006480
90248,2019-06-06,287.00000,386656,0.005135
90248,2019-06-07,287.00000,411702,0.009671
90248,2019-06-10,282.64001,541269,0.004786
90248,2019-06-11,280.13000,521332,-0.000587
90248,2019-06-12,282.00000,649686,-0.001895
90248,2019-06-13,281.29001,578588,0.004882
90248,2019-06-14,280.64999,592411,-0.002723
90248,2019-06-17,282.00000,767735,0.001583
90248,2019-06-18,282.35001,529542,0.009988
90248,2019-06-19,280.67999,328297,0.003742
90248,2019-06-20,281.82001,646418,0.008794
90248,2019-06-21,280.32999,443425,-0.002480
90248,2019-06-24,274.37000,422677,-0.002898
90248,2019-06-25,277.14001,720910,-0.008983
90248,2019-06-26,275.87000,691610,-0.001030
90248,2019-06-27,277.94000,380758,0.005851
90248,2019-06-28,278.28000,568173,0.006661
90248,2019-07-01,271.10001,631671,0.006666
90248,2019-07-02,273.81000,399023,0.002012
90248,2019-07-03,280.95999,336046,0.007696
90248,2019-07-05,278.26001,324315,-0.001125
90248,2019-07-08,277.20999,507097,-0.005365
90248,2019-07-09,280.00000,491275,0.001762
90248,2019-07-10,275.35001,746557,0.004054
90248,2019-07-11,277.64001,600133,0.001232
90248,2019-07-12,282.10999,571466,0.004673
90248,2019-07-15,269.92001,1668425,-0.000159
90248,2019-07-16,246.53999,6194181,-0.002952
90248,2019-07-17,253.00999,3286675,-0.005594
90248,2019-07-18,252.67999,1623083,0.003364
90248,2019-07-19,257.92999,1677565,-0.005612
90248,2019-07-22,255.39999,1231406,0.002286
90248,2019-07-23,257.70999,923623,0.006250
90248,2019-07-24,262.20999,921341,0.006008
90248,2019-07-25,260.67001,801816,-0.006384
90248,2019-07-26,259.06000,567677,0.007304
90248,2019-07-29,252.48000,1172641,-0.002677
90248,2019-07-30,247.55000,1084086,-0.001279
90248,2019-07-31,244.53000,920852,-0.009979
90248,2019-08-01,245.83000,760562,-0.009219
90248,2019-08-02,244.75000,537712,-0.007805
90248,2019-08-05,239.72000,990914,-0.028423
90248,2019-08-06,242.50999,589765,0.011900
90248,2019-08-07,245.74001,690834,0.001289
90248,2019-08-08,246.75000,703328,0.018530
90248,2019-08-09,247.83000,587055,-0.007192
90248,2019-08-12,240.00999,803848,-0.012019
90248,2019-08-13,240.60001,613243,0.013317
90248,2019-08-14,236.20000,702915,-0.027826
90248,2019-08-15,232.89000,899982,0.001777
90248,2019-08-16,234.95000,688440,0.014891
90248,2019-08-19,232.02000,676250,0.010675
90248,2019-08-20,232.42999,1086306,-0.006749
90248,2019-08-21,231.52000,701772,0.007927
90248,2019-08-22,231.85001,635451,-0.001010
90248,2019-08-23,226.14999,745952,-0.024254
90248,2019-08-26,227.69000,614578,0.009977
90248,2019-08-27,222.45000,1134721,-0.003859
90248,2019-08-28,225.85001,754899,0.006323
90248,2019-08-29,225.25999,534354,0.012551
90248,2019-08-30,226.84000,510321,0.000647
90248,2019-09-03,226.87000,1225091,-0.007200
90248,2019-09-04,239.06000,1667630,0.010731
90248,2019-09-05,244.83000,1116480,0.012384
90248,2019-09-06,237.35001,1057587,0.000270
90248,2019-09-09,239.20000,766897,0.000597
90248,2019-09-10,243.57001,666784,0.001209
90248,2019-09-11,249.09000,749282,0.008121
90248,2019-09-12,246.78999,735814,0.002394
90248,2019-09-13,245.05000,740777,-0.000402
90248,2019-09-16,244.78999,1064701,-0.001251
90248,2019-09-17,243.53999,662610,0.002169
90248,2019-09-18,245.00000,500165,-0.000724
90248,2019-09-19,247.00999,465183,-0.000145
90248,2019-09-20,247.62000,736086,-0.004082
90248,2019-09-23,246.25999,802497,-0.000094
90248,2019-09-24,242.97000,831988,-0.009181
90248,2019-09-25,241.45000,840751,0.005652
90248,2019-09-26,239.46001,613104,-0.003072
90248,2019-09-27,240.46001,396248,-0.005689
90248,2019-09-30,244.59000,772410,0.004452
90248,2019-10-01,245.77000,594352,-0.012535
90248,2019-10-02,241.75000,1000235,-0.016124
90248,2019-10-03,243.35001,677167,0.007636
90248,2019-10-04,242.13000,911090,0.012663
90248,2019-10-07,242.21001,2023823,-0.003916
90248,2019-10-08,253.48000,6541316,-0.015075
90248,2019-10-09,248.19000,1911005,0.008366
90248,2019-10-10,254.77000,1064785,0.005609
90248,2019-10-11,257.79001,893543,0.011399
90248,2019-10-14,252.20000,542599,-0.001618
90248,2019-10-15,255.73000,683624,0.009102
90248,2019-10-16,255.96001,527707,-0.001892
90248,2019-10-17,256.45001,516778,0.003690
90248,2019-10-18,255.70000,610106,-0.003714
90248,2019-10-21,257.51999,507543,0.006672
90248,2019-10-22,258.94000,343380,-0.003284
90248,2019-10-23,256.00000,622996,0.002377
90248,2019-10-24,263.60001,852589,0.002351
90248,2019-10-25,271.75000,1445717,0.004071
90248,2019-10-28,269.45999,629718,0.005234
90248,2019-10-29,263.17999,1160501,-0.000574
90248,2019-10-30,270.89999,705117,0.002780
90248,2019-10-31,271.62000,733957,-0.003480
90248,2019-11-01,269.26001,535464,0.010212
90248,2019-11-04,269.29001,835980,0.003762
90248,2019-11-05,276.31000,751903,-0.001073
90248,2019-11-06,277.82001,545173,-0.000325
90248,2019-11-07,282.67999,855203,0.002842
90248,2019-11-08,280.66000,671387,0.002642
90248,2019-11-11,280.69000,667310,-0.001637
90248,2019-11-12,277.88000,528075,0.001141
90248,2019-11-13,279.39999,443748,0.000337
90248,2019-11-14,278.66000,512652,0.000987
90248,2019-11-15,281.41000,644648,0.007074
90248,2019-11-18,284.60999,832013,0.000148
90248,2019-11-19,285.73999,491367,0.000027
90248,2019-11-20,288.23999,630843,-0.002962
90248,2019-11-21,284.04999,1068485,-0.001708
90248,2019-11-22,285.76001,392016,0.002020
90248,2019-11-25,293.00000,536448,0.008560
90248,2019-11-26,289.14001,1071115,0.002218
90248,2019-11-27,295.32999,571772,0.004320
90248,2019-11-29,294.29999,340904,-0.004045
90248,2019-12-02,294.04999,949700,-0.008547
90248,2019-12-03,284.09000,962572,-0.005643
90248,2019-12-04,286.00000,1307014,0.006030
90248,2019-12-05,286.87000,674711,0.001102
90248,2019-12-06,286.57001,474591,0.008432
90248,2019-12-09,286.37000,766451,-0.002700
90248,2019-12-10,285.23999,1144247,-0.000696
90248,2019-12-11,293.62000,1162342,0.002740
90248,2019-12-12,296.64999,571114,0.007859
90248,2019-12-13,294.92999,450557,0.000027
90248,2019-12-16,292.14999,756365,0.007073
90248,2019-12-17,291.75000,1045540,0.000547
90248,2019-12-18,284.32001,1127766,0.000228
90248,2019-12-19,292.00000,1295697,0.004192
90248,2019-12-20,292.00000,571702,0.004534
90248,2019-12-23,288.26999,618655,0.000956
90248,2019-12-24,289.64001,265121,0.000380
90248,2019-12-26,292.23999,276112,0.004616
90248,2019-12-27,292.31000,455823,-0.000643
90248,2019-12-30,293.25000,451637,-0.005105
90248,2019-12-31,293.78000,518985,0.002964
90248,2020-01-02,293.39999,500003,0.007412
90248,2020-01-03,294.67001,490812,-0.005828
90248,2020-01-06,293.95001,525408,0.003269
90248,2020-01-07,291.85001,511613,-0.002147
90248,2020-01-08,290.56000,543019,0.004028
90248,2020-01-09,288.89999,994195,0.005831
90248,2020-01-10,289.09000,933402,-0.002578
90248,2020-01-13,284.00000,726219,0.007077
90248,2020-01-14,285.12000,784036,-0.000394
90248,2020-01-15,288.57001,619573,0.001938
90248,2020-01-16,287.35999,494814,0.008389
90248,2020-01-17,286.47000,475881,0.002523
90248,2020-01-21,285.10999,625270,-0.003027
90248,2020-01-22,285.91000,456318,0.000376
90248,2020-01-23,288.01999,518588,0.001000
90248,2020-01-24,285.10001,479082,-0.008836
90248,2020-01-27,282.89001,756261,-0.014872
90248,2020-01-28,284.17999,328070,0.009614
90248,2020-01-29,285.47000,361521,-0.001160
90248,2020-01-30,282.39999,645624,0.002780
90248,2020-01-31,281.75000,738273,-0.016642
90248,2020-02-03,270.75000,926376,0.007562
90248,2020-02-04,273.39999,1057039,0.014853
90248,2020-02-05,278.01001,1080602,0.009336
90248,2020-02-06,279.41000,796163,0.002601
90248,2020-02-07,275.51001,1368189,-0.005527
90248,2020-02-10,274.85001,684755,0.006756
90248,2020-02-11,275.75000,752393,0.003402
90248,2020-02-12,281.03000,891301,0.006406
90248,2020-02-13,286.03000,520670,-0.000773
90248,2020-02-14,291.60001,780625,0.001660
90248,2020-02-18,295.78000,874676,-0.001944
90248,2020-02-19,297.10001,1175986,0.005179
90248,2020-02-20,373.16000,5009664,-0.002604
90248,2020-02-21,371.95999,1645309,-0.009789
90248,2020-02-24,363.01001,1222306,-0.031760
90248,2020-02-25,368.66000,2437426,-0.029476
90248,2020-02-26,366.67001,1107229,-0.005395
90248,2020-02-27,347.85999,1090771,-0.040987
90248,2020-02-28,339.45999,2077605,-0.008552
90248,2020-03-02,347.51999,863609,0.040304
90248,2020-03-03,339.47000,846735,-0.024635
90248,2020-03-04,341.89001,740955,0.037552
90248,2020-03-05,333.03000,828372,-0.031529
90248,2020-03-06,336.41000,853713,-0.017785
90248,2020-03-09,336.67001,1267589,-0.079317
90248,2020-03-10,343.95001,857107,0.044398
90248,2020-03-11,332.66000,889533,-0.049958
90248,2020-03-12,317.10999,1139154,-0.096841
90248,2020-03-13,316.63000,1208638,0.085502
90248,2020-03-16,286.32001,1089089,-0.118168
90248,2020-03-17,298.73999,1183390,0.053074
90248,2020-03-18,290.00000,1099200,-0.059610
90248,2020-03-19,323.14001,1423157,0.014319
90248,2020-03-20,299.95001,1802811,-0.037156
90248,2020-03-23,323.87000,1340560,-0.026878
90248,2020-03-24,343.56000,881279,0.091556
90248,2020-03-25,321.45001,963111,0.016379
90248,2020-03-26,338.51001,870958,0.057470
90248,2020-03-27,338.73999,646226,-0.033038
90248,2020-03-30,346.75000,954409,0.029038
90248,2020-03-31,324.07001,2097316,-0.012277
90248,2020-04-01,333.76999,1200267,-0.045015
90248,2020-04-02,333.45001,772315,0.019501
90248,2020-04-03,328.23001,571977,-0.015754
90248,2020-04-06,338.51999,805563,0.067894
90248,2020-04-07,333.95999,737757,0.000476
90248,2020-04-08,343.82999,688196,0.033821
90248,2020-04-09,343.64001,641638,0.018252
90248,2020-04-13,355.14001,755364,-0.010146
90248,2020-04-14,358.26001,713538,0.028171
90248,2020-04-15,354.62000,703343,-0.023057
90248,2020-04-16,360.47000,862267,0.004197
90248,2020-04-17,362.97000,715704,0.027687
90248,2020-04-20,370.48001,843994,-0.015553
90248,2020-04-21,365.22000,696711,-0.029210
90248,2020-04-22,383.75000,1398195,0.021875
90248,2020-04-23,369.64001,2095538,0.001250
90248,2020-04-24,367.29001,1035802,0.013045
90248,2020-04-27,362.03000,791895,0.017511
90248,2020-04-28,356.01001,906457,-0.002298
90248,2020-04-29,362.01001,868018,0.028865
90248,2020-04-30,361.92999,925845,-0.013076
90248,2020-05-01,357.29999,794256,-0.028041
90248,2020-05-04,359.10001,626431,0.004810
90248,2020-05-05,371.45999,778032,0.008738
90248,2020-05-06,372.29999,928532,-0.005853
90248,2020-05-07,367.17001,1312513,0.013322
90248,2020-05-08,369.10999,940828,0.018605
90248,2020-05-11,377.48999,10278782,-0.000441
90248,2020-05-12,377.94000,899274,-0.020370
90248,2020-05-13,384.95999,1075090,-0.019027
90248,2020-05-14,376.01001,741543,0.010302
90248,2020-05-15,376.04001,584618,0.005234
90248,2020-05-18,364.50000,1017781,0.033368
90248,2020-05-19,370.01001,619451,-0.009706
90248,2020-05-20,377.23999,754146,0.017387
90248,2020-05-21,375.23999,443745,-0.006646
90248,2020-05-22,372.10001,639808,0.002656
90248,2020-05-26,360.16000,866365,0.014186
90248,2020-05-27,373.97000,1286161,0.014962
90248,2020-05-28,365.54999,694264,-0.003516
90248,2020-05-29,385.84000,1123023,0.004678
90248,2020-06-01,383.57999,972593,0.006645
90248,2020-06-02,384.85999,660217,0.008413
90248,2020-06-03,390.14001,609607,0.014862
90248,2020-06-04,382.78000,697785,-0.003038
90248,2020-06-05,376.41000,715626,0.025002
90248,2020-06-08,375.82001,640832,0.014235
90248,2020-06-09,382.22000,818598,-0.009508
90248,2020-06-10,392.32001,849106,-0.006659
90248,2020-06-11,382.79001,786385,-0.058203
90248,2020-06-12,378.14999,1042465,0.014074
90248,2020-06-15,377.92001,925823,0.010691
90248,2020-06-16,374.85999,772143,0.017647
90248,2020-06-17,380.67001,674026,-0.004129
90248,2020-06-18,375.54999,463192,0.001198
90248,2020-06-19,378.41000,898712,-0.004599
90248,2020-06-22,384.63000,534941,0.006682
90248,2020-06-23,377.54999,478375,0.003905
90248,2020-06-24,375.48001,549720,-0.025737
90248,2020-06-25,373.70001,483205,0.011260
90248,2020-06-26,365.81000,795637,-0.022878
90248,2020-06-29,369.17001,485343,0.014497
90248,2020-06-30,369.44000,752866,0.014671
90248,2020-07-01,375.70999,436239,0.004033
90248,2020-07-02,374.09000,415235,0.005020
90248,2020-07-06,385.00000,669141,0.014885
90248,2020-07-07,381.14001,717350,-0.010264
90248,2020-07-08,384.14001,494568,0.008437
90248,2020-07-09,385.50000,546349,-0.005703
90248,2020-07-10,398.31000,861919,0.010386
90248,2020-07-13,401.38000,1169963,-0.011212
90248,2020-07-14,402.29999,886592,0.013290
90248,2020-07-15,413.67999,1158887,0.011800
90248,2020-07-16,407.51999,1322091,-0.004003
90248,2020-07-17,390.22000,1184267,0.003636
90248,2020-07-20,391.42999,660893,0.008567
90248,2020-07-21,387.81000,554070,0.002298
90248,2020-07-22,389.12000,568289,0.005138
90248,2020-07-23,381.32001,618009,-0.010909
90248,2020-07-24,386.91000,549089,-0.006986
90248,2020-07-27,389.60999,549638,0.009010
90248,2020-07-28,385.42001,476784,-0.006926
90248,2020-07-29,385.14999,435897,0.013428
90248,2020-07-30,384.53000,678896,-0.003768
90248,2020-07-31,386.60999,640228,0.004524
90248,2020-08-03,387.03000,558548,0.008692
90248,2020-08-04,391.85999,441372,0.004528
90248,2020-08-05,393.44000,539671,0.007526
90248,2020-08-06,392.54999,312491,0.004654
90248,2020-08-07,389.12000,472561,0.000244
90248,2020-08-10,385.92999,410325,0.002652
90248,2020-08-11,388.64999,453924,-0.007931
90248,2020-08-12,392.67001,413962,0.012994
90248,2020-08-13,399.04001,580789,-0.000593
90248,2020-08-14,398.98999,341645,-0.000669
90248,2020-08-17,409.39001,840643,0.005019
90248,2020-08-18,411.45001,439481,0.001404
90248,2020-08-19,414.23001,612343,-0.004378
90248,2020-08-20,418.32999,511173,0.002806
90248,2020-08-21,419.70001,368169,0.001599
90248,2020-08-24,418.98999,455994,0.008910
90248,2020-08-25,419.35999,380300,0.003408
90248,2020-08-26,418.09000,349541,0.008729
90248,2020-08-27,416.32001,370193,0.001686
90248,2020-08-28,415.98001,321963,0.006925
90248,2020-08-31,408.95999,670947,-0.001560
90248,2020-09-01,410.14999,512711,0.008490
90248,2020-09-02,403.60001,585834,0.012122
90248,2020-09-03,397.50000,802543,-0.033998
90248,2020-09-04,381.81000,858116,-0.008065
90248,2020-09-08,376.32001,683141,-0.026800
90248,2020-09-09,382.07001,594370,0.019843
90248,2020-09-10,388.97000,728322,-0.015557
90248,2020-09-11,394.67999,720158,-0.000188
90248,2020-09-14,388.51999,521918,0.015413
90248,2020-09-15,389.51999,444305,0.005411
90248,2020-09-16,385.98001,411378,-0.003147
90248,2020-09-17,395.07001,524395,-0.007869
90248,2020-09-18,397.59000,780014,-0.008825
90248,2020-09-21,404.97000,655292,-0.012511
90248,2020-09-22,413.75000,560203,0.009333
90248,2020-09-23,413.54001,577671,-0.024029
90248,2020-09-24,413.29999,462240,0.002036
90248,2020-09-25,418.07999,346260,0.015674
90248,2020-09-28,421.54001,415947,0.016584
90248,2020-09-29,423.45999,390704,-0.004001
90248,2020-09-30,425.28000,464836,0.006881
90248,2020-10-01,426.98999,528339,0.007865
90248,2020-10-02,433.78000,431668,-0.007735
90248,2020-10-05,424.94000,1024181,0.018302
90248,2020-10-06,427.53000,646932,-0.011910
90248,2020-10-07,431.04999,952572,0.017039
90248,2020-10-08,401.01001,3793063,0.008516
90248,2020-10-09,390.95001,2516987,0.008550
90248,2020-10-12,392.57999,1207368,0.013469
90248,2020-10-13,407.72000,1255311,-0.004951
90248,2020-10-14,403.20999,872032,-0.006017
90248,2020-10-15,401.84000,664984,-0.000777
90248,2020-10-16,399.45001,530872,-0.000707
90248,2020-10-19,394.89001,380657,-0.014167
90248,2020-10-20,394.41000,487382,0.003821
90248,2020-10-21,389.95001,523361,-0.003440
90248,2020-10-22,391.73999,442714,0.006130
90248,2020-10-23,394.10001,466569,0.003817
90248,2020-10-26,394.60999,500663,-0.018085
90248,2020-10-27,397.03000,421807,-0.003025
90248,2020-10-28,384.00000,718959,-0.032808
90248,2020-10-29,386.72000,484839,0.010473
90248,2020-10-30,378.32001,689793,-0.013112
90248,2020-11-02,376.03000,601220,0.012086
90248,2020-11-03,383.23999,467450,0.018824
90248,2020-11-04,392.51999,473581,0.019588
90248,2020-11-05,396.22000,616584,0.021074
90248,2020-11-06,399.85001,477692,-0.000045
90248,2020-11-09,376.54999,1336822,0.010634
90248,2020-11-10,381.67001,811574,-0.000557
90248,2020-11-11,394.67001,647608,0.008042
90248,2020-11-12,390.54999,608119,-0.009669
90248,2020-11-13,389.60001,321293,0.013293
90248,2020-11-16,384.82001,669064,0.012334
90248,2020-11-17,384.47000,381435,-0.001528
90248,2020-11-18,382.45999,382330,-0.009049
90248,2020-11-19,385.04001,392681,0.005837
90248,2020-11-20,389.56000,395800,-0.004295
90248,2020-11-23,387.20999,487467,0.007981
90248,2020-11-24,383.13000,666007,0.015105
90248,2020-11-25,383.44000,369627,0.000178
90248,2020-11-27,390.47000,283129,0.003998
90248,2020-11-30,392.57001,948887,-0.005743
90248,2020-12-01,391.75000,605736,0.009645
90248,2020-12-02,387.82999,442346,0.001192
90248,2020-12-03,383.38000,393673,0.002272
90248,2020-12-04,382.98999,390883,0.010477
90248,2020-12-07,384.54999,594680,-0.000220
90248,2020-12-08,386.69000,360727,0.004283
90248,2020-12-09,384.97000,391186,-0.009558
90248,2020-12-10,386.04999,424299,0.002640
90248,2020-12-11,383.37000,350291,-0.002252
90248,2020-12-14,383.23001,512401,-0.003267
90248,2020-12-15,384.67999,510690,0.013083
90248,2020-12-16,382.51999,515210,0.001387
90248,2020-12-17,395.16000,804713,0.007947
90248,2020-12-18,396.70999,997127,-0.002101
90248,2020-12-21,397.17999,527787,-0.002928
90248,2020-12-22,398.72000,438608,0.000602
90248,2020-12-23,403.75000,566925,0.001445
90248,2020-12-24,396.73001,184260,0.002330
90248,2020-12-28,400.17999,587568,0.003847
90248,2020-12-29,384.35999,929351,-0.003652
90248,2020-12-30,384.62000,491947,0.003291
90248,2020-12-31,383.45999,425726,0.003558
90248,2021-01-04,379.50000,663412,-0.013064
90248,2021-01-05,381.34000,547314,0.009014
90248,2021-01-06,384.87000,629734,0.008037
90248,2021-01-07,383.19000,528984,0.016263
90248,2021-01-08,388.82999,491557,0.004688
90248,2021-01-11,390.54001,629808,-0.005645
90248,2021-01-12,385.50000,561987,0.004197
90248,2021-01-13,381.85999,443006,0.000912
90248,2021-01-14,373.79999,655773,-0.000047
90248,2021-01-15,375.23001,494807,-0.008542
90248,2021-01-19,372.64999,510426,0.008537
90248,2021-01-20,379.00000,412757,0.012048
90248,2021-01-21,381.12000,500710,-0.000935
90248,2021-01-22,380.37000,341370,-0.001461
90248,2021-01-25,378.48999,424224,0.002429
90248,2021-01-26,378.84000,581595,-0.002925
90248,2021-01-27,376.91000,635706,-0.024763
90248,2021-01-28,371.60001,763335,0.009276
90248,2021-01-29,370.76001,506348,-0.017643
90248,2021-02-01,371.42001,471728,0.017251
90248,2021-02-02,377.22000,460340,0.014014
90248,2021-02-03,373.32999,495562,0.001354
90248,2021-02-04,373.00000,456482,0.011293
90248,2021-02-05,377.23001,518670,0.006078
90248,2021-02-08,380.06000,443551,0.009781
90248,2021-02-09,382.95999,399736,0.000958
90248,2021-02-10,382.06000,465939,-0.000306
90248,2021-02-11,385.20001,462202,0.001885
90248,2021-02-12,385.17001,355166,0.004671
90248,2021-02-16,377.92001,469557,-0.001123
90248,2021-02-17,376.48999,534302,-0.002344
90248,2021-02-18,377.14001,303910,-0.006585
90248,2021-02-19,371.45999,501158,0.002724
90248,2021-02-22,365.16000,768876,-0.009646
90248,2021-02-23,366.73999,639131,-0.001282
90248,2021-02-24,364.59000,624813,0.011298
90248,2021-02-25,339.00000,2628646,-0.026609
90248,2021-02-26,346.51001,1340619,-0.003846
90248,2021-03-01,345.06000,1157724,0.024765
90248,2021-03-02,343.01001,592219,-0.009017
90248,2021-03-03,332.73001,802188,-0.014661
90248,2021-03-04,330.53000,768457,-0.016690
90248,2021-03-05,330.23999,736143,0.017372
90248,2021-03-08,333.51001,991178,-0.005877
90248,2021-03-09,354.07999,1405128,0.016852
90248,2021-03-10,357.92999,1582074,0.006778
90248,2021-03-11,358.37000,990589,0.014170
90248,2021-03-12,361.10999,683140,0.001509
90248,2021-03-15,362.97000,759836,0.007061
90248,2021-03-16,366.01001,688022,-0.004282
90248,2021-03-17,363.25000,646534,0.003570
90248,2021-03-18,363.82001,583881,-0.017954
90248,2021-03-19,363.70001,898240,0.001804
90248,2021-03-22,369.32001,555407,0.004791
90248,2021-03-23,374.42001,608518,-0.011993
90248,2021-03-24,366.22000,751445,-0.009090
90248,2021-03-25,367.60001,627773,0.006556
90248,2021-03-26,371.84000,483105,0.015363
90248,2021-03-29,372.07999,460385,-0.005260
90248,2021-03-30,368.13000,548906,0.000023
90248,2021-03-31,367.79001,513664,0.005605
90248,2021-04-01,373.38000,567617,0.012802
90248,2021-04-05,371.64001,701947,0.011451
90248,2021-04-06,380.67999,509976,0.000329
90248,2021-04-07,382.29999,282845,-0.001475
90248,2021-04-08,383.92001,362215,0.005892
90248,2021-04-09,390.35001,440750,0.005508
90248,2021-04-12,390.62000,420291,-0.000689
90248,2021-04-13,394.92999,495035,0.003958
90248,2021-04-14,390.64001,401482,-0.002872
90248,2021-04-15,392.98999,454046,0.010050
90248,2021-04-16,394.82999,253665,0.002625
90248,2021-04-19,397.95999,407665,-0.006927
90248,2021-04-20,398.04999,563592,-0.009080
90248,2021-04-21,394.79999,348442,0.011280
90248,2021-04-22,398.76001,429572,-0.007251
90248,2021-04-23,397.70999,368445,0.012026
90248,2021-04-26,400.20999,434753,0.004392
90248,2021-04-27,401.03000,456648,-0.000236
90248,2021-04-28,403.95001,904109,0.000142
90248,2021-04-29,415.98001,1139043,0.003534
90248,2021-04-30,422.34000,733885,-0.008008
90248,2021-05-03,433.59000,793522,0.002051
90248,2021-05-04,433.98999,744550,-0.008437
90248,2021-05-05,431.89001,713083,-0.000050
90248,2021-05-06,430.03000,525162,0.004793
90248,2021-05-07,432.47000,566054,0.008673
90248,2021-05-10,431.07001,596658,-0.012279
90248,2021-05-11,422.34000,730639,-0.006579
90248,2021-05-12,425.44000,1772169,-0.022536
90248,2021-05-13,422.39999,594941,0.009761
90248,2021-05-14,427.29001,636238,0.017585
90248,2021-05-17,432.85999,713795,-0.001356
90248,2021-05-18,432.85999,695499,-0.005975
90248,2021-05-19,431.95001,564846,-0.003798
90248,2021-05-20,428.94000,1039053,0.011154
90248,2021-05-21,427.64999,870852,-0.000303
90248,2021-05-24,420.89999,695687,0.009375
90248,2021-05-25,421.04001,702646,-0.002731
90248,2021-05-26,420.69000,429301,0.004533
90248,2021-05-27,423.97000,471789,0.002905
90248,2021-05-28,426.87000,458350,0.001006
90248,2021-06-01,423.00000,434796,0.001667
90248,2021-06-02,426.20001,552221,0.001731
90248,2021-06-03,425.12000,418028,-0.005216
90248,2021-06-04,431.14001,516367,0.008419
90248,2021-06-07,437.92001,519269,0.001642
90248,2021-06-08,443.35999,684517,0.001769
90248,2021-06-09,442.70999,331630,-0.002880
90248,2021-06-10,448.42999,446081,0.004027
90248,2021-06-11,452.95999,459333,0.003115
90248,2021-06-14,448.16000,472969,0.001325
90248,2021-06-15,445.76001,404836,-0.002962
90248,2021-06-16,447.59000,626384,-0.004693
90248,2021-06-17,457.20001,595350,-0.001405
90248,2021-06-18,460.19000,1148508,-0.012535
90248,2021-06-21,459.45999,624817,0.013561
90248,2021-06-22,459.82001,452741,0.004926
90248,2021-06-23,456.75000,406355,-0.000137
90248,2021-06-24,459.81000,480500,0.006528
90248,2021-06-25,457.98001,960644,0.003216
90248,2021-06-28,463.53000,451428,0.001063
90248,2021-06-29,463.45001,439253,-0.000040
90248,2021-06-30,466.48999,747839,0.000360
90248,2021-07-01,466.01999,440470,0.004200
90248,2021-07-02,474.23999,403976,0.005001
90248,2021-07-06,476.60999,466403,-0.003010
90248,2021-07-07,478.17999,432302,0.001100
90248,2021-07-08,474.54999,537540,-0.009006
90248,2021-07-09,477.56000,427255,0.012887
90248,2021-07-12,480.10999,383744,0.002173
90248,2021-07-13,485.67999,476499,-0.005943
90248,2021-07-14,485.32001,280340,-0.002375
90248,2021-07-15,484.84000,454834,-0.003905
90248,2021-07-16,482.67999,420701,-0.007607
90248,2021-07-19,478.48999,578648,-0.014629
90248,2021-07-20,474.97000,593024,0.016902
90248,2021-07-21,470.37000,615845,0.009672
90248,2021-07-22,538.82001,3038136,0.000285
90248,2021-07-23,525.45001,1342072,0.008915
90248,2021-07-26,534.32001,660740,0.001649
90248,2021-07-27,538.01001,499236,-0.005939
90248,2021-07-28,524.57001,546163,0.002969
90248,2021-07-29,526.16998,449504,0.004547
90248,2021-07-30,525.48999,348834,-0.005629
90248,2021-08-02,530.35999,330066,-0.001350
90248,2021-08-03,540.46997,460629,0.006796
90248,2021-08-04,536.67999,407961,-0.003965
90248,2021-08-05,535.47998,261828,0.007173
90248,2021-08-06,533.44000,254029,0.000825
90248,2021-08-09,529.46997,258924,-0.000405
90248,2021-08-10,518.92999,315924,0.000668
90248,2021-08-11,515.33002,263973,0.002429
90248,2021-08-12,516.47998,303354,0.001978
90248,2021-08-13,517.02002,462037,0.000280
90248,2021-08-16,513.19000,332193,-0.000843
90248,2021-08-17,527.75000,638632,-0.007821
90248,2021-08-18,525.62000,335811,-0.008858
90248,2021-08-19,518.32001,263416,-0.002259
90248,2021-08-20,509.51999,761147,0.008679
90248,2021-08-23,509.51999,397979,0.010518
90248,2021-08-24,501.57999,377888,0.004232
90248,2021-08-25,512.14001,417018,0.002593
90248,2021-08-26,510.59000,238229,-0.006469
90248,2021-08-27,511.87000,238715,0.010965
90248,2021-08-30,517.25000,272205,0.003027
90248,2021-08-31,516.89001,299776,-0.001063
90248,2021-09-01,515.40002,343564,0.001985
90248,2021-09-02,517.28998,286063,0.004125
90248,2021-09-03,514.50000,373022,-0.000078
90248,2021-09-07,514.02002,446760,-0.004163
90248,2021-09-08,521.37000,319136,-0.003491
90248,2021-09-09,516.12000,255555,-0.002862
90248,2021-09-10,510.87000,323037,-0.007309
90248,2021-09-13,511.10001,441246,0.001957
90248,2021-09-14,506.95999,277265,-0.006226
90248,2021-09-15,505.56000,354925,0.008518
90248,2021-09-16,511.20999,402251,-0.000877
90248,2021-09-17,503.54001,908033,-0.007397
90248,2021-09-20,497.06000,396201,-0.018222
90248,2021-09-21,498.14999,349513,0.000856
90248,2021-09-22,495.51999,428117,0.009965
90248,2021-09-23,492.81000,252443,0.012060
90248,2021-09-24,489.84000,357243,-0.000111
90248,2021-09-27,487.23001,356615,-0.000980
90248,2021-09-28,484.91000,368044,-0.020769
90248,2021-09-29,483.00000,248262,-0.000069
90248,2021-09-30,476.95999,485467,-0.009500
90248,2021-10-01,475.07001,380838,0.010643
90248,2021-10-04,470.91000,465906,-0.012878
90248,2021-10-05,474.62000,357477,0.009502
90248,2021-10-06,482.66000,469660,0.002818
90248,2021-10-07,482.70999,484148,0.009925
90248,2021-10-08,480.32001,327919,-0.002520
90248,2021-10-11,479.48001,359596,-0.006344
90248,2021-10-12,480.04999,413475,0.000236
90248,2021-10-13,476.28000,631988,0.004802
90248,2021-10-14,477.48001,1519047,0.015965
90248,2021-10-15,454.91000,1369495,0.005721
90248,2021-10-18,459.89999,762968,0.003275
90248,2021-10-19,465.37000,519080,0.006813
90248,2021-10-20,458.57999,576384,0.003892
90248,2021-10-21,467.95999,457026,0.002944
90248,2021-10-22,464.32999,408578,-0.001700
90248,2021-10-25,466.23999,293478,0.005483
90248,2021-10-26,465.78000,362886,-0.000059
90248,2021-10-27,480.26999,571370,-0.007541
90248,2021-10-28,479.32999,473161,0.011248
90248,2021-10-29,488.97000,351782,0.000973
90248,2021-11-01,487.38000,457085,0.005685
90248,2021-11-02,486.87000,462466,0.002035
90248,2021-11-03,485.26001,364271,0.007317
90248,2021-11-04,509.38000,596216,0.002951
90248,2021-11-05,495.88000,486378,0.004007
90248,2021-11-08,496.67001,257789,0.001985
90248,2021-11-09,498.48999,453317,-0.002888
90248,2021-11-10,495.14999,244470,-0.010458
90248,2021-11-11,506.95999,498901,0.002449
90248,2021-11-12,513.29999,784254,0.007136
90248,2021-11-15,517.32001,762776,-0.000328
90248,2021-11-16,525.25000,411769,0.004036
90248,2021-11-17,531.47998,404703,-0.004441
90248,2021-11-18,536.83002,342039,0.000267
90248,2021-11-19,535.59003,615400,-0.002866
90248,2021-11-22,533.35999,298945,-0.006220
90248,2021-11-23,531.90997,277843,-0.000289
90248,2021-11-24,533.97998,209573,0.003215
90248,2021-11-26,529.88000,205352,-0.022333
90248,2021-11-29,533.95001,323942,0.010084
90248,2021-11-30,524.14001,901123,-0.019130
90248,2021-12-01,511.64999,342637,-0.015120
90248,2021-12-02,525.00000,363813,0.015404
90248,2021-12-03,521.77002,293759,-0.011375
90248,2021-12-06,517.08002,320589,0.011801
90248,2021-12-07,537.42999,404211,0.021576
90248,2021-12-08,534.16998,346625,0.004299
90248,2021-12-09,530.28998,274174,-0.010779
90248,2021-12-10,534.41998,315663,0.006154
90248,2021-12-13,537.35999,448587,-0.009868
90248,2021-12-14,523.15002,429627,-0.007689
90248,2021-12-15,523.91998,515075,0.015057
90248,2021-12-16,532.20001,361166,-0.010042
90248,2021-12-17,528.38000,645201,-0.006259
90248,2021-12-20,530.60999,301697,-0.012320
90248,2021-12-21,529.96002,415837,0.019936
90248,2021-12-22,534.83002,298036,0.009573
90248,2021-12-23,545.84003,337503,0.006854
90248,2021-12-27,557.21002,477656,0.012046
90248,2021-12-28,557.77002,190844,-0.002438
90248,2021-12-29,562.40002,258450,0.000553
90248,2021-12-30,557.40997,231560,-0.000979
90248,2021-12-31,564.33002,297433,-0.002389
90248,2022-01-03,553.21997,360284,0.006155
90248,2022-01-04,535.28003,517883,-0.002351
90248,2022-01-05,520.53003,356250,-0.021879
90248,2022-01-06,524.40997,329880,0.000161
90248,2022-01-07,508.42999,451969,-0.004164
90248,2022-01-10,502.64999,769140,-0.001893
90248,2022-01-11,486.42001,832133,0.010905
90248,2022-01-12,486.89001,537117,0.001817
90248,2022-01-13,481.39999,724616,-0.014356
90248,2022-01-14,473.04001,999890,0.000164
90248,2022-01-18,466.45999,685420,-0.019346
90248,2022-01-19,469.39001,551586,-0.009368
90248,2022-01-20,452.26999,506076,-0.010991
90248,2022-01-21,434.81000,986344,-0.019931
90248,2022-01-24,456.23999,710963,0.004196
90248,2022-01-25,436.35999,576295,-0.012440
90248,2022-01-26,423.70001,480119,-0.003579
90248,2022-01-27,429.57999,458836,-0.008106
90248,2022-01-28,441.01001,437294,0.022473
90248,2022-01-31,454.64999,497471,0.022431
90248,2022-02-01,458.29999,520479,0.008548
90248,2022-02-02,451.94000,481744,0.004746
90248,2022-02-03,443.79001,411037,-0.023331
90248,2022-02-04,438.07001,353609,0.007243
90248,2022-02-07,434.35999,362566,-0.001807
90248,2022-02-08,438.73001,325169,0.009147
90248,2022-02-09,444.76001,372026,0.016251
90248,2022-02-10,438.57999,548394,-0.016293
90248,2022-02-11,431.51999,344848,-0.017672
90248,2022-02-14,430.70999,276554,-0.004128
90248,2022-02-15,432.00000,343498,0.017622
90248,2022-02-16,433.34000,339863,0.000308
90248,2022-02-17,430.53000,370798,-0.021239
90248,2022-02-18,435.62000,371510,-0.008297
90248,2022-02-22,422.10999,393877,-0.011235
90248,2022-02-23,402.09000,1100369,-0.018075
90248,2022-02-24,417.41000,624448,0.016083
90248,2022-02-25,429.98001,560730,0.022121
90248,2022-02-28,432.20999,772109,-0.000365
90248,2022-03-01,432.20999,1499399,-0.015027
90248,2022-03-02,423.25000,668656,0.017773
90248,2022-03-03,402.67001,529142,-0.008077
90248,2022-03-04,413.70999,474702,-0.010171
90248,2022-03-07,400.07001,546304,-0.029143
90248,2022-03-08,393.14999,412345,-0.004392
90248,2022-03-09,397.19000,573323,0.026287
90248,2022-03-10,393.14001,254778,-0.004184
90248,2022-03-11,386.37000,332854,-0.013741
90248,2022-03-14,386.17999,279464,-0.010539
90248,2022-03-15,389.91000,311129,0.019118
90248,2022-03-16,405.47000,453240,0.025417
90248,2022-03-17,409.45999,294360,0.013941
90248,2022-03-18,415.66000,430962,0.012298
90248,2022-03-21,400.04999,438892,-0.001730
90248,2022-03-22,396.82999,497396,0.011770
90248,2022-03-23,393.94000,322612,-0.011877
90248,2022-03-24,393.20001,289509,0.013111
90248,2022-03-25,394.73999,488646,0.003084
90248,2022-03-28,399.07001,501006,0.006122
90248,2022-03-29,412.01001,525651,0.014708
90248,2022-03-30,406.26999,345700,-0.007642
90248,2022-03-31,407.01001,740882,-0.014539
90248,2022-04-01,397.17999,628479,0.004477
90248,2022-04-04,403.79001,586476,0.008315
90248,2022-04-05,391.17001,572041,-0.014787
90248,2022-04-06,391.10001,586200,-0.011276
90248,2022-04-07,397.39999,471948,0.002480
90248,2022-04-08,394.79001,691690,-0.003214
90248,2022-04-11,387.92001,425541,-0.014385
90248,2022-04-12,388.57001,439910,-0.002728
90248,2022-04-13,392.16000,381631,0.013356
90248,2022-04-14,387.23999,255973,-0.011685
90248,2022-04-18,379.48999,339401,-0.002124
90248,2022-04-19,394.07999,424745,0.016324
90248,2022-04-20,396.48999,324190,-0.000861
90248,2022-04-21,391.00000,366489,-0.016871
90248,2022-04-22,378.82999,287859,-0.026382
90248,2022-04-25,378.16000,678224,0.005326
90248,2022-04-26,369.73001,714972,-0.028338
90248,2022-04-27,372.91000,710366,0.001297
90248,2022-04-28,353.88000,1938240,0.022979
90248,2022-04-29,338.00000,877227,-0.033543
90248,2022-05-02,351.12000,733097,0.005966
90248,2022-05-03,343.84000,613105,0.005109
90248,2022-05-04,353.20001,608584,0.027983
90248,2022-05-05,341.69000,591542,-0.036281
90248,2022-05-06,341.79001,602615,-0.008396
90248,2022-05-09,333.60001,596909,-0.035487
90248,2022-05-10,335.72000,509853,0.001277
90248,2022-05-11,325.13000,513710,-0.017115
90248,2022-05-12,327.85001,705857,0.001470
90248,2022-05-13,340.94000,529072,0.026999
90248,2022-05-16,336.45001,374860,-0.004679
90248,2022-05-17,336.45999,431074,0.020557
90248,2022-05-18,328.01999,546700,-0.037661
90248,2022-05-19,336.42999,473265,-0.002115
90248,2022-05-20,341.69000,590900,-0.000026
90248,2022-05-23,343.01001,471502,0.016398
90248,2022-05-24,342.17001,571648,-0.010605
90248,2022-05-25,352.57001,511179,0.011199
90248,2022-05-26,355.60999,430994,0.019776
90248,2022-05-27,365.91000,501850,0.024482
90248,2022-05-31,363.17001,640112,-0.006957
90248,2022-06-01,360.85001,428691,-0.006968
90248,2022-06-02,372.87000,448679,0.020266
90248,2022-06-03,368.12000,359840,-0.015360
90248,2022-06-06,377.26999,473761,0.002954
90248,2022-06-07,385.28000,404709,0.009806
90248,2022-06-08,384.00000,449198,-0.010409
90248,2022-06-09,385.44000,556808,-0.023580
90248,2022-06-10,380.50000,522395,-0.028242
90248,2022-06-13,380.63000,806491,-0.040683
90248,2022-06-14,377.13000,636613,-0.003455
90248,2022-06-15,385.42001,471696,0.014988
90248,2022-06-16,379.54999,490079,-0.034246
90248,2022-06-17,379.17001,552431,0.004000
90248,2022-06-21,386.35999,447999,0.022508
90248,2022-06-22,389.76001,439201,-0.002209
90248,2022-06-23,398.13000,461795,0.009173
90248,2022-06-24,396.54001,709393,0.029803
90248,2022-06-27,397.57999,604078,-0.002129
90248,2022-06-28,390.70999,449422,-0.018708
90248,2022-06-29,389.04001,466544,-0.002681
90248,2022-06-30,389.70999,551064,-0.008945
90248,2022-07-01,403.60999,318805,0.011007
90248,2022-07-05,396.79999,546457,0.002031
90248,2022-07-06,397.57001,541184,0.000678
90248,2022-07-07,405.54001,458171,0.016903
90248,2022-07-08,401.35001,546263,-0.000824
90248,2022-07-11,397.25000,514523,-0.013163
90248,2022-07-12,391.48999,461550,-0.008058
90248,2022-07-13,401.37000,593834,-0.003428
90248,2022-07-14,399.14999,489729,-0.005548
90248,2022-07-15,406.60001,411698,0.018546
90248,2022-07-18,406.81000,458730,-0.005552
90248,2022-07-19,410.23999,552600,0.027381
90248,2022-07-20,410.85999,880595,0.007873
90248,2022-07-21,405.64001,1089703,0.009349
90248,2022-07-22,399.26999,602548,-0.010469
90248,2022-07-25,387.98999,953254,0.001988
90248,2022-07-26,386.75000,865572,-0.011840
90248,2022-07-27,392.98999,715078,0.025315
90248,2022-07-28,389.82001,696051,0.012436
90248,2022-07-29,392.10999,903257,0.013414
90248,2022-08-01,390.12000,535559,-0.002154
90248,2022-08-02,391.07001,432364,-0.005244
90248,2022-08-03,390.91000,564171,0.014969
90248,2022-08-04,391.34000,597093,-0.000469
90248,2022-08-05,387.92999,413632,-0.000378
90248,2022-08-08,394.89001,543823,0.001213
90248,2022-08-09,392.56000,556521,-0.006349
90248,2022-08-10,405.75000,770155,0.022615
90248,2022-08-11,404.13000,518221,-0.000224
90248,2022-08-12,412.23999,509987,0.016856
90248,2022-08-15,410.85999,430700,0.002804
90248,2022-08-16,410.92999,509706,0.001907
90248,2022-08-17,411.98999,573683,-0.009190
90248,2022-08-18,416.95001,446464,0.002709
90248,2022-08-19,405.20001,489808,-0.014640
90248,2022-08-22,401.20999,521384,-0.020291
90248,2022-08-23,392.45999,451435,-0.000707
90248,2022-08-24,396.95999,376284,0.003947
90248,2022-08-25,406.97000,342016,0.014208
90248,2022-08-26,390.28000,450786,-0.031867
90248,2022-08-29,378.51001,594231,-0.006512
90248,2022-08-30,380.37000,439669,-0.011447
90248,2022-08-31,371.85999,526477,-0.007189
90248,2022-09-01,371.62000,453389,-0.001093
90248,2022-09-02,365.79999,473117,-0.008552
90248,2022-09-06,362.76999,659270,-0.004937
90248,2022-09-07,362.60999,772581,0.018279
90248,2022-09-08,362.00000,710250,0.007387
90248,2022-09-09,367.12000,766008,0.016682
90248,2022-09-12,364.44000,586730,0.010793
90248,2022-09-13,350.38000,787189,-0.040550
90248,2022-09-14,340.28000,1247168,0.003995
90248,2022-09-15,349.51001,832760,-0.010278
90248,2022-09-16,342.97000,920900,-0.009523
90248,2022-09-19,332.98001,906115,0.006945
90248,2022-09-20,332.35001,1150026,-0.012176
90248,2022-09-21,333.20001,900942,-0.015952
90248,2022-09-22,320.14001,1021647,-0.011461
90248,2022-09-23,330.00000,1384429,-0.019087
90248,2022-09-26,324.73999,764341,-0.011469
90248,2022-09-27,314.19000,854541,-0.000730
90248,2022-09-28,321.17999,599350,0.021612
90248,2022-09-29,316.35001,754692,-0.020934
90248,2022-09-30,310.20001,589552,-0.012297
90248,2022-10-03,316.44000,843711,0.025437
90248,2022-10-04,330.60999,1030391,0.032369
90248,2022-10-05,335.13000,661590,-0.003162
90248,2022-10-06,324.22000,713191,-0.009342
90248,2022-10-07,314.51999,713801,-0.027375
90248,2022-10-10,309.67001,993747,-0.008193
90248,2022-10-11,303.50000,974208,-0.006415
90248,2022-10-12,301.76001,801196,-0.002909
90248,2022-10-13,333.26001,2912945,0.023430
90248,2022-10-14,317.34000,1361919,-0.023710
90248,2022-10-17,321.16000,982960,0.026731
90248,2022-10-18,328.89999,1164792,0.011592
90248,2022-10-19,323.39999,720828,-0.008946
90248,2022-10-20,319.50000,664418,-0.007498
90248,2022-10-21,321.56000,753998,0.022119
90248,2022-10-24,323.16000,614206,0.008700
90248,2022-10-25,328.88000,610524,0.018290
90248,2022-10-26,322.01999,826829,-0.004575
90248,2022-10-27,331.50000,899588,-0.004139
90248,2022-10-28,334.79999,481636,0.021281
90248,2022-10-31,332.23999,547130,-0.005972
90248,2022-11-01,333.44000,664986,-0.002194
90248,2022-11-02,339.03000,1064935,-0.025073
90248,2022-11-03,352.07001,895145,-0.008895
90248,2022-11-04,359.64999,894046,0.013226
90248,2022-11-07,347.92999,807456,0.008101
90248,2022-11-08,337.48999,572769,0.005273
90248,2022-11-09,338.54001,530747,-0.021136
90248,2022-11-10,357.82001,833443,0.055288
90248,2022-11-11,366.51999,698379,0.010538
90248,2022-11-14,370.23001,772984,-0.009507
90248,2022-11-15,366.73999,597324,0.010174
90248,2022-11-16,364.47000,467938,-0.009704
90248,2022-11-17,366.73001,429166,-0.004122
90248,2022-11-18,367.89001,791719,0.004185
90248,2022-11-21,377.82999,690895,-0.004588
90248,2022-11-22,376.07001,349619,0.013241
90248,2022-11-23,391.73999,486602,0.005918
90248,2022-11-25,389.06000,184942,0.000406
90248,2022-11-28,382.29001,376029,-0.015647
90248,2022-11-29,383.06000,385404,-0.000744
90248,2022-11-30,388.73001,890290,0.029413
90248,2022-12-01,385.57999,371094,0.000229
90248,2022-12-02,382.76001,393750,-0.000581
90248,2022-12-05,381.26001,573376,-0.019456
90248,2022-12-06,369.35999,624149,-0.014051
90248,2022-12-07,372.14001,364584,-0.001929
90248,2022-12-08,374.94000,449776,0.007368
90248,2022-12-09,362.64999,562394,-0.007468
90248,2022-12-12,363.35001,541948,0.013023
90248,2022-12-13,361.87000,689182,0.007299
90248,2022-12-14,366.73999,654113,-0.005473
90248,2022-12-15,356.98999,649474,-0.024078
90248,2022-12-16,357.23001,854411,-0.010349
90248,2022-12-19,356.32999,392568,-0.009614
90248,2022-12-20,353.73001,354254,0.001879
90248,2022-12-21,358.32999,392112,0.014642
90248,2022-12-22,352.20999,350552,-0.014002
90248,2022-12-23,353.01999,325518,0.005465
90248,2022-12-27,354.39999,303032,-0.003930
90248,2022-12-28,344.41000,306873,-0.012364
90248,2022-12-29,349.79999,273825,0.018339
90248,2022-12-30,346.39999,288097,-0.002451
90248,2023-01-03,339.26999,580035,-0.003934
90248,2023-01-04,344.39001,578237,0.009553
90248,2023-01-05,338.82999,475730,-0.010970
90248,2023-01-06,342.62000,499018,0.022257
90248,2023-01-09,333.88000,631971,0.001059
90248,2023-01-10,339.73001,649474,0.007317
90248,2023-01-11,349.85001,679583,0.012571
90248,2023-01-12,337.62000,760200,0.005718
90248,2023-01-13,337.44000,1104304,0.004322
90248,2023-01-17,344.19000,685542,-0.001146
90248,2023-01-18,346.48001,720467,-0.014241
90248,2023-01-19,348.85001,851961,-0.007486
90248,2023-01-20,348.04001,577177,0.018067
90248,2023-01-23,345.45001,614588,0.011763
90248,2023-01-24,339.34000,574299,-0.001146
90248,2023-01-25,350.64001,605597,0.000339
90248,2023-01-26,354.04001,759047,0.010381
90248,2023-01-27,355.17001,463484,0.003473
90248,2023-01-30,348.48999,459780,-0.012975
90248,2023-01-31,353.00000,634838,0.015550
90248,2023-02-01,359.79001,756916,0.011137
90248,2023-02-02,360.47000,695796,0.013800
90248,2023-02-03,359.62000,392910,-0.010632
90248,2023-02-06,355.98001,494806,-0.007223
90248,2023-02-07,357.20001,303495,0.011465
90248,2023-02-08,353.59000,295360,-0.010374
90248,2023-02-09,354.97000,512146,-0.008850
90248,2023-02-10,354.06000,699649,0.001496
90248,2023-02-13,355.04999,486320,0.010859
90248,2023-02-14,347.57999,448379,0.000941
90248,2023-02-15,360.10001,550083,0.004435
90248,2023-02-16,356.82999,425157,-0.012705
90248,2023-02-17,357.35999,819623,-0.002933
90248,2023-02-21,350.23001,505487,-0.020457
90248,2023-02-22,348.45999,1207207,-0.000607
90248,2023-02-23,307.85999,3821514,0.004871
90248,2023-02-24,297.47000,2165664,-0.010160
90248,2023-02-27,295.63000,1821177,0.003327
90248,2023-02-28,294.01001,1387489,-0.002576
90248,2023-03-01,301.73001,1368125,-0.003159
90248,2023-03-02,305.32001,680512,0.006503
90248,2023-03-03,304.76001,894505,0.015546
90248,2023-03-06,316.32001,1511030,-0.001751
90248,2023-03-07,310.85001,1002588,-0.014599
90248,2023-03-08,312.13000,886553,0.001270
90248,2023-03-09,309.12000,552760,-0.019276
90248,2023-03-10,300.16000,966656,-0.016483
90248,2023-03-13,302.59000,853993,-0.003098
90248,2023-03-14,307.10001,564600,0.015863
90248,2023-03-15,312.60001,772363,-0.009262
90248,2023-03-16,313.94000,858497,0.016293
90248,2023-03-17,310.67001,1944201,-0.012043
90248,2023-03-20,317.17999,869404,0.008716
90248,2023-03-21,317.64001,458149,0.013857
90248,2023-03-22,312.28000,468767,-0.016420
90248,2023-03-23,315.42999,520110,0.001793
90248,2023-03-24,311.51001,819861,0.004737
90248,2023-03-27,322.22000,1338615,0.003207
90248,2023-03-28,324.23001,556491,-0.000817
90248,2023-03-29,327.57999,809800,0.013802
90248,2023-03-30,327.64999,788418,0.005538
90248,2023-03-31,329.87000,1087123,0.014614
90248,2023-04-03,332.51999,799271,0.003122
90248,2023-04-04,328.97000,668439,-0.006606
90248,2023-04-05,328.38000,618682,-0.004045
90248,2023-04-06,330.57999,724509,0.003105
90248,2023-04-10,329.70999,508194,0.002154
90248,2023-04-11,332.44000,515703,0.001796
90248,2023-04-12,326.44000,589106,-0.003977
90248,2023-04-13,332.60001,538840,0.012827
90248,2023-04-14,330.38000,510413,-0.002720
90248,2023-04-17,329.89999,654153,0.003645
90248,2023-04-18,326.70001,552374,0.000652
90248,2023-04-19,325.66000,520516,-0.000454
90248,2023-04-20,322.89999,488862,-0.005743
90248,2023-04-21,330.51999,707421,0.000615
90248,2023-04-24,330.26999,636312,0.000380
90248,2023-04-25,329.63000,728604,-0.016696
90248,2023-04-26,339.03000,1051450,-0.004091
90248,2023-04-27,317.14001,2113781,0.017335
90248,2023-04-28,317.47000,916814,0.008072
90248,2023-05-01,311.25000,1155680,-0.000652
90248,2023-05-02,311.59000,781438,-0.012260
90248,2023-05-03,314.85999,586231,-0.005189
90248,2023-05-04,311.41000,459307,-0.006837
90248,2023-05-05,311.10999,494262,0.018739
90248,2023-05-08,308.94000,458718,0.000849
90248,2023-05-09,308.64001,432459,-0.003907
90248,2023-05-10,306.89001,399496,0.004086
90248,2023-05-11,306.92999,462844,-0.002566
90248,2023-05-12,307.57999,309399,-0.001936
90248,2023-05-15,307.85001,399160,0.005045
90248,2023-05-16,301.85001,582373,-0.008106
90248,2023-05-17,305.04999,698311,0.012329
90248,2023-05-18,311.35999,564496,0.008474
90248,2023-05-19,312.45999,584920,-0.001860
90248,2023-05-22,308.91000,439728,0.001904
90248,2023-05-23,304.29001,487771,-0.010454
90248,2023-05-24,306.79999,495682,-0.008000
90248,2023-05-25,304.50000,458105,0.004950
90248,2023-05-26,299.82999,679073,0.012609
90248,2023-05-30,291.39001,844690,-0.000231
90248,2023-05-31,289.85001,1030928,-0.005725
90248,2023-06-01,296.67001,770944,0.010187
90248,2023-06-02,303.19000,626165,0.016243
90248,2023-06-05,297.82999,484702,-0.002797
90248,2023-06-06,297.73999,510590,0.005198
90248,2023-06-07,297.56000,407961,-0.002027
90248,2023-06-08,299.89999,460145,0.005210
90248,2023-06-09,298.07001,377340,0.000099
90248,2023-06-12,301.85999,530125,0.008520
90248,2023-06-13,301.89001,731242,0.007513
90248,2023-06-14,305.72000,615542,0.000057
90248,2023-06-15,325.45999,1309650,0.011708
90248,2023-06-16,331.41000,2065321,-0.003787
90248,2023-06-20,325.54001,652518,-0.005432
90248,2023-06-21,323.10999,508529,-0.004712
90248,2023-06-22,321.04001,339004,0.001811
90248,2023-06-23,316.82001,795653,-0.008474
90248,2023-06-26,319.23999,398189,-0.002689
90248,2023-06-27,324.92999,406819,0.011635
90248,2023-06-28,325.51999,697809,0.000529
90248,2023-06-29,330.73001,616409,0.004747
90248,2023-06-30,336.98999,503885,0.011089
90248,2023-07-03,336.66000,342959,0.002106
90248,2023-07-05,334.95999,540865,-0.003315
90248,2023-07-06,333.91000,467720,-0.009671
90248,2023-07-07,341.67999,685058,0.000005
90248,2023-07-10,347.41000,729144,0.004152
90248,2023-07-11,349.79001,479443,0.007743
90248,2023-07-12,388.59000,2752008,0.007995
90248,2023-07-13,386.87000,1087782,0.009335
90248,2023-07-14,384.66000,628509,-0.002946
90248,2023-07-17,389.73999,589940,0.004498
90248,2023-07-18,392.29001,545542,0.007299
90248,2023-07-19,392.32999,442724,0.002571
90248,2023-07-20,387.82999,593853,-0.007185
90248,2023-07-21,385.44000,771136,0.000069
90248,2023-07-24,385.89999,1985231,0.003274
90248,2023-07-25,397.04999,1026043,0.002308
90248,2023-07-26,401.35999,937055,0.000800
90248,2023-07-27,402.57999,644339,-0.007486
90248,2023-07-28,400.88000,461113,0.010607
90248,2023-07-31,396.73999,614945,0.003173
90248,2023-08-01,399.64999,571544,-0.003671
90248,2023-08-02,398.29999,419027,-0.014385
90248,2023-08-03,401.35999,573680,-0.002370
90248,2023-08-04,395.35999,420864,-0.004195
90248,2023-08-07,398.69000,382453,0.007546
90248,2023-08-08,398.01001,347213,-0.004756
90248,2023-08-09,396.22000,490978,-0.006457
90248,2023-08-10,398.39999,341722,0.000093
90248,2023-08-11,394.17001,334006,-0.000907
90248,2023-08-14,397.59000,412101,0.004055
90248,2023-08-15,393.82001,269821,-0.011781
90248,2023-08-16,389.10999,338053,-0.007890
90248,2023-08-17,382.29999,377969,-0.008395
90248,2023-08-18,378.82999,388116,0.000602
90248,2023-08-21,379.88000,366014,0.005540
90248,2023-08-22,379.72000,351997,-0.001892
90248,2023-08-23,382.62000,305898,0.011033
90248,2023-08-24,378.85999,309316,-0.012548
90248,2023-08-25,380.72000,383526,0.007025
90248,2023-08-28,388.25000,544769,0.007093
90248,2023-08-29,386.17001,403053,0.013164
90248,2023-08-30,394.19000,425927,0.003824
90248,2023-08-31,387.39999,519322,-0.001065
90248,2023-09-01,391.14001,339384,0.002776
90248,2023-09-05,389.89001,559190,-0.006126
90248,2023-09-06,384.44000,442361,-0.006391
90248,2023-09-07,389.35001,570091,-0.003838
90248,2023-09-08,387.37000,421660,0.001012
90248,2023-09-11,394.89999,499705,0.006483
90248,2023-09-12,393.59000,410510,-0.004766
90248,2023-09-13,396.45999,383149,0.000004
90248,2023-09-14,399.07001,438055,0.008997
90248,2023-09-15,388.48001,1434797,-0.010526
90248,2023-09-18,384.31000,496922,-0.000426
90248,2023-09-19,382.82999,321699,-0.002634
90248,2023-09-20,384.84000,329133,-0.008244
90248,2023-09-21,378.04999,430934,-0.016904
90248,2023-09-22,381.35001,456233,-0.001881
90248,2023-09-25,383.10999,388004,0.003394
90248,2023-09-26,379.22000,543504,-0.014143
90248,2023-09-27,380.20999,490661,0.001060
90248,2023-09-28,382.31000,390947,0.006628
90248,2023-09-29,378.79001,471409,-0.002634
90248,2023-10-02,380.54001,398786,-0.003498
90248,2023-10-03,364.17999,663518,-0.014349
90248,2023-10-04,371.00000,603515,0.007074
90248,2023-10-05,363.23001,659253,-0.000735
90248,2023-10-06,341.56000,1941821,0.011482
90248,2023-10-09,350.14001,895651,0.006119
90248,2023-10-10,355.60001,667550,0.006470
90248,2023-10-11,354.04999,961971,0.003842
90248,2023-10-12,350.17001,1791577,-0.008455
90248,2023-10-13,346.81000,909253,-0.005077
90248,2023-10-16,351.67999,688989,0.010957
90248,2023-10-17,350.48999,618262,0.001091
90248,2023-10-18,345.12000,645301,-0.014619
90248,2023-10-19,344.31000,784560,-0.009180
90248,2023-10-20,347.69000,683743,-0.012192
90248,2023-10-23,348.29999,494798,-0.002426
90248,2023-10-24,353.59000,458568,0.006949
90248,2023-10-25,349.91000,433465,-0.014673
90248,2023-10-26,345.94000,516981,-0.009124
90248,2023-10-27,340.60001,650005,-0.005494
90248,2023-10-30,338.70999,666382,0.010716
90248,2023-10-31,338.98999,788395,0.006298
90248,2023-11-01,344.13000,752649,0.009644
90248,2023-11-02,348.38000,622692,0.020161
90248,2023-11-03,361.94000,838058,0.011696
90248,2023-11-06,368.25000,552632,-0.000779
90248,2023-11-07,371.70001,564780,0.002356
90248,2023-11-08,371.84000,596009,-0.000410
90248,2023-11-09,369.69000,600832,-0.008443
90248,2023-11-10,378.51001,744783,0.013967
90248,2023-11-13,374.54999,736170,-0.000330
90248,2023-11-14,382.41000,707030,0.022835
90248,2023-11-15,381.42999,560127,0.001954
90248,2023-11-16,374.73999,530197,-0.001165
90248,2023-11-17,372.42001,557008,0.003330
90248,2023-11-20,368.50000,571516,0.007017
90248,2023-11-21,369.31000,417886,-0.002976
90248,2023-11-22,369.48999,309111,0.004067
90248,2023-11-24,370.32001,216710,0.001708
90248,2023-11-27,387.07001,1311962,-0.001845
90248,2023-11-28,388.26999,702754,0.000919
90248,2023-11-29,388.85999,595796,0.001088
90248,2023-11-30,392.89001,901103,0.003964
90248,2023-12-01,397.17999,559135,0.009185
90248,2023-12-04,399.82001,751159,-0.003910
90248,2023-12-05,394.04999,471501,-0.002314
90248,2023-12-06,392.54001,536593,-0.003536
90248,2023-12-07,402.00000,1153605,0.007286
90248,2023-12-08,394.89999,653129,0.004188
90248,2023-12-11,397.48001,655482,0.003614
90248,2023-12-12,396.81000,489468,0.003096
90248,2023-12-13,402.79999,518536,0.016198
90248,2023-12-14,402.85001,670501,0.006922
90248,2023-12-15,400.04999,1381776,-0.001601
90248,2023-12-18,403.04001,563652,0.003845
90248,2023-12-19,406.54999,444822,0.007719
90248,2023-12-20,403.25000,445473,-0.014790
90248,2023-12-21,408.79999,366509,0.011208
90248,2023-12-22,409.84000,382706,0.002440
90248,2023-12-26,411.34000,307393,0.005218
90248,2023-12-27,413.85001,264016,0.001995
90248,2023-12-28,411.20999,226164,-0.000108
90248,2023-12-29,412.23001,361128,-0.004045
