PERMNO,date,RET,vwretd,ewretd,sprtrn
93436,2019-01-02,-0.068149,0.001796,0.017126,0.001269
93436,2019-01-03,-0.031472,-0.021043,-0.009454,-0.024757
93436,2019-01-04,0.057697,0.033410,0.030804,0.034336
93436,2019-01-07,0.054361,0.009202,0.016144,0.007010
93436,2019-01-08,0.001164,0.010269,0.010358,0.009695
93436,2019-01-09,0.009483,0.006199,0.010306,0.004098
93436,2019-01-10,0.019023,0.004474,0.002611,0.004518
93436,2019-01-11,0.006638,-0.000152,0.001293,-0.000146
93436,2019-01-14,-0.037033,-0.005465,-0.005852,-0.005258
93436,2019-01-15,0.029994,0.009839,0.006546,0.010722
93436,2019-01-16,0.004703,0.003177,0.004831,0.002222
93436,2019-01-17,0.003641,0.007082,0.005101,0.007591
93436,2019-01-18,-0.129711,0.012032,0.008534,0.013183
93436,2019-01-22,-0.011050,-0.014150,-0.013514,-0.014157
93436,2019-01-23,-0.037903,0.001313,-0.000571,0.002203
93436,2019-01-24,0.013631,0.002789,0.005460,0.001376
93436,2019-01-25,0.018970,0.009553,0.010818,0.008489
93436,2019-01-28,-0.002222,-0.006493,-0.003899,-0.007847
93436,2019-01-29,0.003644,-0.000918,0.000164,-0.001456
93436,2019-01-30,0.038022,0.014357,0.009789,0.015549
93436,2019-01-31,-0.005668,0.008467,0.007008,0.008597
93436,2019-02-01,0.016904,0.001418,0.002960,0.000899
93436,2019-02-04,0.002178,0.006692,0.007317,0.006776
93436,2019-02-05,0.027038,0.004392,0.002633,0.004708
93436,2019-02-06,-0.012852,-0.002529,-0.001374,-0.002224
93436,2019-02-07,-0.030610,-0.008815,-0.009004,-0.009357
93436,2019-02-08,-0.005561,0.000651,-0.001107,0.000676
93436,2019-02-11,0.023022,0.001262,0.003731,0.000709
93436,2019-02-12,-0.003292,0.012367,0.010086,0.012890
93436,2019-02-13,-0.011674,0.002782,0.003827,0.003024
93436,2019-02-14,-0.014278,-0.001423,0.000674,-0.002652
93436,2019-02-15,0.013530,0.010835,0.009520,0.010879
93436,2019-02-19,-0.007276,0.002351,0.005022,0.001499
93436,2019-02-20,-0.010077,0.002105,0.001534,0.001777
93436,2019-02-21,-0.037447,-0.003534,-0.001722,-0.003526
93436,2019-02-22,0.011949,0.006367,0.007815,0.006411
93436,2019-02-25,0.013776,0.001355,0.002548,0.001232
93436,2019-02-26,-0.003046,-0.001496,-0.002209,-0.000790
93436,2019-02-27,0.056671,0.000503,0.000165,-0.000544
93436,2019-02-28,0.016331,-0.002832,-0.003329,-0.002826
93436,2019-03-01,-0.078436,0.006074,0.005596,0.006895
93436,2019-03-04,-0.031989,-0.004235,-0.002059,-0.003881
93436,2019-03-05,-0.030908,-0.001320,-0.001251,-0.001131
93436,2019-03-06,-0.001085,-0.007768,-0.012423,-0.006524
93436,2019-03-07,0.001267,-0.007494,-0.005773,-0.008126
93436,2019-03-08,0.027297,-0.001900,-0.002342,-0.002132
93436,2019-03-11,0.023861,0.014348,0.013281,0.014666
93436,2019-03-12,-0.025987,0.002743,0.002639,0.002953
93436,2019-03-13,0.019763,0.006419,0.004495,0.006950
93436,2019-03-14,0.003461,-0.000989,-0.001548,-0.000868
93436,2019-03-15,-0.050110,0.004549,0.003170,0.004985
93436,2019-03-18,-0.021566,0.004449,0.006075,0.003706
93436,2019-03-19,-0.007496,-0.000676,-0.001410,-0.000131
93436,2019-03-20,0.022918,-0.003146,-0.002614,-0.002944
93436,2019-03-21,0.001535,0.010294,0.005282,0.010853
93436,2019-03-22,-0.034632,-0.020352,-0.022043,-0.018975
93436,2019-03-25,-0.015537,-0.000328,-0.000245,-0.000839
93436,2019-03-26,0.028224,0.007719,0.006267,0.007183
93436,2019-03-27,0.026366,-0.004686,-0.002540,-0.004644
93436,2019-03-28,0.013790,0.004111,0.003870,0.003590
93436,2019-03-29,0.004450,0.006019,0.002876,0.006734
93436,2019-04-01,0.033302,0.011239,0.009780,0.011569
93436,2019-04-02,-0.011412,-0.000146,-0.000222,0.000017
93436,2019-04-03,0.020743,0.002548,0.002333,0.002148
93436,2019-04-04,-0.082348,0.001939,0.002985,0.002085
93436,2019-04-05,0.026813,0.005114,0.007044,0.004636
93436,2019-04-08,-0.006401,0.001042,0.001010,0.001047
93436,2019-04-09,-0.003258,-0.006282,-0.006985,-0.006067
93436,2019-04-10,0.013771,0.004781,0.006191,0.003478
93436,2019-04-11,-0.027675,-0.000123,-0.001768,0.000038
93436,2019-04-12,-0.002682,0.006427,0.002535,0.006609
93436,2019-04-15,-0.004931,-0.001019,-0.003526,-0.000629
93436,2019-04-16,0.026203,0.000713,0.000853,0.000509
93436,2019-04-17,-0.007792,-0.003057,-0.005654,-0.002274
93436,2019-04-18,0.007484,0.001078,-0.000348,0.001579
93436,2019-04-22,-0.038462,0.000550,-0.001071,0.001012
93436,2019-04-23,0.004377,0.008919,0.008481,0.008841
93436,2019-04-24,-0.019856,-0.002067,-0.001668,-0.002192
93436,2019-04-25,-0.042643,-0.001464,-0.005200,-0.000369
93436,2019-04-26,-0.050438,0.005368,0.005863,0.004685
93436,2019-04-29,0.026920,0.001457,0.003016,0.001071
93436,2019-04-30,-0.011513,0.000358,-0.002453,0.000951
93436,2019-05-01,-0.019607,-0.007552,-0.006304,-0.007502
93436,2019-05-02,0.043118,-0.001670,-0.001115,-0.002124
93436,2019-05-03,0.044777,0.010903,0.013264,0.009638
93436,2019-05-06,0.001216,-0.003819,-0.002032,-0.004471
93436,2019-05-07,-0.032427,-0.016138,-0.013079,-0.016512
93436,2019-05-08,-0.008986,-0.001604,-0.000962,-0.001605
93436,2019-05-09,-0.011681,-0.002762,-0.004986,-0.003021
93436,2019-05-10,-0.010166,0.004061,0.001979,0.003720
93436,2019-05-13,-0.052229,-0.024490,-0.022620,-0.024131
93436,2019-05-14,0.023347,0.008972,0.009282,0.008016
93436,2019-05-15,-0.001550,0.005735,0.003094,0.005839
93436,2019-05-16,-0.015607,0.008466,0.002113,0.008895
93436,2019-05-17,-0.075768,-0.006777,-0.009133,-0.005837
93436,2019-05-20,-0.026868,-0.006482,-0.005819,-0.006749
93436,2019-05-21,-0.001363,0.008936,0.008194,0.008496
93436,2019-05-22,-0.060220,-0.003791,-0.006750,-0.002824
93436,2019-05-23,0.014321,-0.012685,-0.014587,-0.011914
93436,2019-05-24,-0.024861,0.002769,0.004570,0.001354
93436,2019-05-28,-0.010124,-0.007504,-0.004871,-0.008376
93436,2019-05-29,0.006147,-0.006890,-0.007024,-0.006912
93436,2019-05-30,-0.008638,0.001395,-0.000323,0.002098
93436,2019-05-31,-0.016258,-0.011731,-0.009849,-0.013195
93436,2019-06-03,-0.033431,-0.002132,0.002028,-0.002765
93436,2019-06-04,0.081746,0.020888,0.016296,0.021432
93436,2019-06-05,0.015444,0.006480,-0.003716,0.008162
93436,2019-06-06,0.047612,0.005135,-0.002659,0.006136
93436,2019-06-07,-0.007041,0.009671,0.006756,0.010498
93436,2019-06-10,0.040978,0.004786,0.005864,0.004660
93436,2019-06-11,0.019823,-0.000587,-0.000756,-0.000350
93436,2019-06-12,-0.036112,-0.001895,-0.001817,-0.002038
93436,2019-06-13,0.022221,0.004882,0.007828,0.004097
93436,2019-06-14,0.004722,-0.002723,-0.006331,-0.001612
93436,2019-06-17,0.047041,0.001583,0.002658,0.000932
93436,2019-06-18,-0.001289,0.009988,0.009913,0.009717
93436,2019-06-19,0.007520,0.003742,0.003660,0.002985
93436,2019-06-20,-0.030076,0.008794,0.006415,0.009472
93436,2019-06-21,0.010199,-0.002480,-0.003684,-0.001259
93436,2019-06-24,0.008023,-0.002898,-0.006011,-0.001732
93436,2019-06-25,-0.017349,-0.008983,-0.006024,-0.009496
93436,2019-06-26,-0.002230,-0.001030,0.000982,-0.001234
93436,2019-06-27,0.016281,0.005851,0.009434,0.003823
93436,2019-06-28,0.002782,0.006661,0.010004,0.005757
93436,2019-07-01,0.016602,0.006666,0.003592,0.007672
93436,2019-07-02,-0.011533,0.002012,-0.002689,0.002928
93436,2019-07-03,0.046092,0.007696,0.005094,0.007672
93436,2019-07-05,-0.007663,-0.001125,0.001502,-0.001806
93436,2019-07-08,-0.011840,-0.005365,-0.005379,-0.004835
93436,2019-07-09,-0.001216,0.001762,0.000305,0.001237
93436,2019-07-10,0.038512,0.004054,0.003225,0.004511
93436,2019-07-11,-0.001339,0.001232,-0.002149,0.002285
93436,2019-07-12,0.027158,0.004673,0.003242,0.004620
93436,2019-07-15,0.034356,-0.000159,-0.001609,0.000176
93436,2019-07-16,-0.004418,-0.002952,-0.001289,-0.003404
93436,2019-07-17,0.009826,-0.005594,-0.005351,-0.006531
93436,2019-07-18,-0.005179,0.003364,-0.000484,0.003582
93436,2019-07-19,0.018301,-0.005612,-0.003011,-0.006177
93436,2019-07-22,-0.009683,0.002286,-0.001336,0.002829
93436,2019-07-23,0.017561,0.006250,0.002997,0.006848
93436,2019-07-24,0.018104,0.006008,0.007624,0.004688
93436,2019-07-25,-0.136137,-0.006384,-0.008782,-0.005262
93436,2019-07-26,-0.003409,0.007304,0.005888,0.007388
93436,2019-07-29,0.033898,-0.002677,-0.003894,-0.001616
93436,2019-07-30,0.027527,-0.001279,0.005348,-0.002579
93436,2019-07-31,-0.002683,-0.009979,-0.006988,-0.010886
93436,2019-08-01,-0.032118,-0.009219,-0.011820,-0.008999
93436,2019-08-02,0.002095,-0.007805,-0.007407,-0.007283
93436,2019-08-05,-0.025689,-0.028423,-0.024731,-0.029778
93436,2019-08-06,0.010643,0.011900,0.005916,0.013017
93436,2019-08-07,0.011571,0.001289,0.000099,0.000767
93436,2019-08-08,0.020907,0.018530,0.012821,0.018762
93436,2019-08-09,-0.013806,-0.007192,-0.007476,-0.006617
93436,2019-08-12,-0.025531,-0.012019,-0.009434,-0.012184
93436,2019-08-13,0.026156,0.013317,0.007568,0.014994
93436,2019-08-14,-0.065447,-0.027826,-0.024169,-0.029293
93436,2019-08-15,-0.018122,0.001777,-0.003952,0.002464
93436,2019-08-16,0.019941,0.014891,0.015547,0.014426
93436,2019-08-19,0.031327,0.010675,0.009701,0.012106
93436,2019-08-20,-0.004276,-0.006749,-0.002874,-0.007915
93436,2019-08-21,-0.022270,0.007927,0.006829,0.008247
93436,2019-08-22,0.005977,-0.001010,-0.002545,-0.000506
93436,2019-08-23,-0.048391,-0.024254,-0.020065,-0.025946
93436,2019-08-26,0.017029,0.009977,0.006578,0.010983
93436,2019-08-27,-0.004279,-0.003859,-0.008679,-0.003203
93436,2019-08-28,0.007053,0.006323,0.008018,0.006545
93436,2019-08-29,0.028387,0.012551,0.010907,0.012687
93436,2019-08-30,0.017591,0.000647,0.001053,0.000643
93436,2019-09-03,-0.002659,-0.007200,-0.008656,-0.006899
93436,2019-09-04,-0.019244,0.010731,0.008953,0.010842
93436,2019-09-05,0.040330,0.012384,0.012068,0.013010
93436,2019-09-06,-0.009278,0.000270,0.000926,0.000911
93436,2019-09-09,0.019081,0.000597,0.007296,-0.000094
93436,2019-09-10,0.016178,0.001209,0.009903,0.000322
93436,2019-09-11,0.049079,0.008121,0.012987,0.007230
93436,2019-09-12,-0.004978,0.002394,0.000011,0.002879
93436,2019-09-13,-0.002725,-0.000402,0.001892,-0.000724
93436,2019-09-16,-0.009747,-0.001251,0.004686,-0.003136
93436,2019-09-17,0.008155,0.002169,-0.002837,0.002582
93436,2019-09-18,-0.005311,-0.000724,-0.004144,0.000343
93436,2019-09-19,0.012773,-0.000145,-0.001899,0.000020
93436,2019-09-20,-0.024250,-0.004082,0.000365,-0.004896
93436,2019-09-23,0.002535,-0.000094,-0.001491,-0.000097
93436,2019-09-24,-0.074700,-0.009181,-0.012349,-0.008416
93436,2019-09-25,0.024596,0.005652,0.002551,0.006159
93436,2019-09-26,0.060603,-0.003072,-0.006435,-0.002429
93436,2019-09-27,-0.001773,-0.005689,-0.006139,-0.005316
93436,2019-09-30,-0.005204,0.004452,0.000793,0.005048
93436,2019-10-01,0.015859,-0.012535,-0.013112,-0.012258
93436,2019-10-02,-0.006375,-0.016124,-0.011593,-0.017903
93436,2019-10-03,-0.041542,0.007636,0.004945,0.007972
93436,2019-10-04,-0.006866,0.012663,0.006928,0.014217
93436,2019-10-07,0.027179,-0.003916,-0.002572,-0.004478
93436,2019-10-08,0.009801,-0.015075,-0.012203,-0.015561
93436,2019-10-09,0.018663,0.008366,0.002602,0.009105
93436,2019-10-10,0.000859,0.005609,0.001782,0.006416
93436,2019-10-11,0.012871,0.011399,0.012407,0.010939
93436,2019-10-14,0.036589,-0.001618,-0.001781,-0.001387
93436,2019-10-15,0.003619,0.009102,0.008558,0.009956
93436,2019-10-16,0.007212,-0.001892,0.001273,-0.002000
93436,2019-10-17,0.008547,0.003690,0.005286,0.002763
93436,2019-10-18,-0.019162,-0.003714,-0.002769,-0.003919
93436,2019-10-21,-0.013427,0.006672,0.005955,0.006872
93436,2019-10-22,0.008205,-0.003284,-0.000518,-0.003569
93436,2019-10-23,-0.003521,0.002377,0.003058,0.002847
93436,2019-10-24,0.176692,0.002351,-0.001025,0.001920
93436,2019-10-25,0.094935,0.004071,0.003953,0.004073
93436,2019-10-28,-0.001280,0.005234,0.003627,0.005581
93436,2019-10-29,-0.035061,-0.000574,-0.000548,-0.000832
93436,2019-10-30,-0.003826,0.002780,-0.001200,0.003253
93436,2019-10-31,-0.000286,-0.003480,-0.004344,-0.003023
93436,2019-11-01,-0.005112,0.010212,0.013004,0.009662
93436,2019-11-04,0.013278,0.003762,0.006466,0.003704
93436,2019-11-05,-0.000787,-0.001073,0.000941,-0.001186
93436,2019-11-06,0.029506,-0.000325,-0.004803,0.000703
93436,2019-11-07,0.027436,0.002842,0.000340,0.002730
93436,2019-11-08,0.004768,0.002642,0.000841,0.002561
93436,2019-11-11,0.023581,-0.001637,-0.002542,-0.001962
93436,2019-11-12,0.014025,0.001141,-0.001035,0.001565
93436,2019-11-13,-0.010916,0.000337,-0.004135,0.000712
93436,2019-11-14,0.009361,0.000987,-0.001756,0.000837
93436,2019-11-15,0.008072,0.007074,0.004136,0.007695
93436,2019-11-18,-0.006190,0.000148,-0.003061,0.000503
93436,2019-11-19,0.027229,0.000027,0.001460,-0.000593
93436,2019-11-20,-0.020305,-0.002962,-0.002946,-0.003756
93436,2019-11-21,0.007410,-0.001708,-0.000985,-0.001583
93436,2019-11-22,-0.061410,0.002020,0.003557,0.002175
93436,2019-11-25,0.009909,0.008560,0.011192,0.007507
93436,2019-11-26,-0.022061,0.002218,0.000465,0.002196
93436,2019-11-27,0.007205,0.004320,0.005769,0.004174
93436,2019-11-29,-0.004075,-0.004045,-0.000236,-0.004011
93436,2019-12-02,0.014942,-0.008547,-0.006343,-0.008631
93436,2019-12-03,0.003972,-0.005643,-0.002800,-0.006638
93436,2019-12-04,-0.009429,0.006030,0.005447,0.006324
93436,2019-12-05,-0.007987,0.001102,-0.000491,0.001500
93436,2019-12-06,0.016709,0.008432,0.008005,0.009136
93436,2019-12-09,0.010837,-0.002700,0.000526,-0.003163
93436,2019-12-10,0.027420,-0.000696,0.001636,-0.001097
93436,2019-12-11,0.011065,0.002740,0.002606,0.002908
93436,2019-12-12,0.019790,0.007859,0.007406,0.008575
93436,2019-12-13,-0.003586,0.000027,-0.000715,0.000073
93436,2019-12-16,0.064483,0.007073,0.005041,0.007148
93436,2019-12-17,-0.006579,0.000547,0.002179,0.000335
93436,2019-12-18,0.037362,0.000228,0.002202,-0.000432
93436,2019-12-19,0.027699,0.004192,0.003721,0.004459
93436,2019-12-20,0.003836,0.004534,0.002899,0.004945
93436,2019-12-23,0.033605,0.000956,0.003865,0.000866
93436,2019-12-24,0.014384,0.000380,0.003556,-0.000195
93436,2019-12-26,0.013380,0.004616,0.003437,0.005128
93436,2019-12-27,-0.001299,-0.000643,-0.002284,0.000034
93436,2019-12-30,-0.036433,-0.005105,-0.001236,-0.005781
93436,2019-12-31,0.008753,0.002964,0.005045,0.002946
93436,2020-01-02,0.028518,0.007412,0.005470,0.008379
93436,2020-01-03,0.029633,-0.005828,-0.003057,-0.007060
93436,2020-01-06,0.019255,0.003269,0.004548,0.003533
93436,2020-01-07,0.038801,-0.002147,-0.000041,-0.002803
93436,2020-01-08,0.049205,0.004028,0.000914,0.004902
93436,2020-01-09,-0.021945,0.005831,0.002941,0.006655
93436,2020-01-10,-0.006627,-0.002578,-0.001247,-0.002855
93436,2020-01-13,0.097689,0.007077,0.004614,0.006976
93436,2020-01-14,0.024883,-0.000394,0.002920,-0.001515
93436,2020-01-15,-0.036102,0.001938,0.003106,0.001870
93436,2020-01-16,-0.009663,0.008389,0.009900,0.008367
93436,2020-01-17,-0.005823,0.002523,-0.000518,0.003862
93436,2020-01-21,0.071890,-0.003027,-0.004034,-0.002652
93436,2020-01-22,0.040863,0.000376,-0.001240,0.000289
93436,2020-01-23,0.004635,0.001000,-0.001272,0.001141
93436,2020-01-24,-0.012898,-0.008836,-0.010013,-0.009042
93436,2020-01-27,-0.012039,-0.014872,-0.013417,-0.015731
93436,2020-01-28,0.015913,0.009614,0.007312,0.010054
93436,2020-01-29,0.024854,-0.001160,-0.003777,-0.000867
93436,2020-01-30,0.102962,0.002780,-0.003303,0.003134
93436,2020-01-31,0.015231,-0.016642,-0.014389,-0.017706
93436,2020-02-03,0.198949,0.007562,0.004585,0.007255
93436,2020-02-04,0.137256,0.014853,0.010742,0.014980
93436,2020-02-05,-0.171758,0.009336,0.011625,0.011251
93436,2020-02-06,0.019409,0.002601,-0.001729,0.003326
93436,2020-02-07,-0.001188,-0.005527,-0.008712,-0.005401
93436,2020-02-10,0.031027,0.006756,0.002496,0.007326
93436,2020-02-11,0.004019,0.003402,0.005309,0.001688
93436,2020-02-12,-0.009156,0.006406,0.005858,0.006463
93436,2020-02-13,0.047844,-0.000773,-0.001469,-0.001630
93436,2020-02-14,-0.004938,0.001660,-0.000396,0.001844
93436,2020-02-18,0.072960,-0.001944,-0.000244,-0.002920
93436,2020-02-19,0.068756,0.005179,0.005293,0.004706
93436,2020-02-20,-0.019631,-0.002604,0.002578,-0.003816
93436,2020-02-21,0.001768,-0.009789,-0.006579,-0.010518
93436,2020-02-24,-0.074595,-0.031760,-0.025365,-0.033514
93436,2020-02-25,-0.040634,-0.029476,-0.026824,-0.030280
93436,2020-02-26,-0.026390,-0.005395,-0.008618,-0.003779
93436,2020-02-27,-0.128146,-0.040987,-0.029388,-0.044163
93436,2020-02-28,-0.016215,-0.008552,-0.009691,-0.008238
93436,2020-03-02,0.113220,0.040304,0.022813,0.046039
93436,2020-03-03,0.002542,-0.024635,-0.013162,-0.028108
93436,2020-03-04,0.005352,0.037552,0.022444,0.042203
93436,2020-03-05,-0.033302,-0.031529,-0.026674,-0.033922
93436,2020-03-06,-0.029067,-0.017785,-0.021078,-0.017054
93436,2020-03-09,-0.135725,-0.079317,-0.085247,-0.075970
93436,2020-03-10,0.061398,0.044398,0.024204,0.049396
93436,2020-03-11,-0.017201,-0.049958,-0.050931,-0.048868
93436,2020-03-12,-0.116172,-0.096841,-0.100597,-0.095113
93436,2020-03-13,-0.024851,0.085502,0.054602,0.092871
93436,2020-03-16,-0.185778,-0.118168,-0.107631,-0.119841
93436,2020-03-17,-0.033410,0.053074,0.035050,0.059955
93436,2020-03-18,-0.160344,-0.059610,-0.097954,-0.051831
93436,2020-03-19,0.183877,0.014319,0.059286,0.004708
93436,2020-03-20,-0.000257,-0.037156,-0.012596,-0.043360
93436,2020-03-23,0.015812,-0.026878,-0.022939,-0.029294
93436,2020-03-24,0.162817,0.091556,0.082175,0.093828
93436,2020-03-25,0.067822,0.016379,0.036478,0.011535
93436,2020-03-26,-0.020566,0.057470,0.050235,0.062414
93436,2020-03-27,-0.026128,-0.033038,-0.029879,-0.033687
93436,2020-03-30,-0.023777,0.029038,0.009953,0.033516
93436,2020-03-31,0.043554,-0.012277,0.000633,-0.016013
93436,2020-04-01,-0.080992,-0.045015,-0.050873,-0.044142
93436,2020-04-02,-0.056255,0.019501,0.008287,0.022829
93436,2020-04-03,0.056197,-0.015754,-0.020541,-0.015137
93436,2020-04-06,0.075478,0.067894,0.059138,0.070331
93436,2020-04-07,0.056582,0.000476,0.010586,-0.001603
93436,2020-04-08,0.006215,0.033821,0.037248,0.034056
93436,2020-04-09,0.044020,0.018252,0.034491,0.014487
93436,2020-04-13,0.136038,-0.010146,-0.007105,-0.010105
93436,2020-04-14,0.090545,0.028171,0.019400,0.030573
93436,2020-04-15,0.028089,-0.023057,-0.026455,-0.022030
93436,2020-04-16,0.021073,0.004197,-0.006668,0.005817
93436,2020-04-17,0.011648,0.027687,0.032660,0.026794
93436,2020-04-20,-0.009988,-0.015553,-0.011511,-0.017881
93436,2020-04-21,-0.079908,-0.029210,-0.017875,-0.030675
93436,2020-04-22,0.066097,0.021875,0.015250,0.022930
93436,2020-04-23,-0.036169,0.001250,0.010179,-0.000539
93436,2020-04-24,0.027663,0.013045,0.009656,0.013918
93436,2020-04-27,0.101496,0.017511,0.028557,0.014714
93436,2020-04-28,-0.037095,-0.002298,0.012304,-0.005242
93436,2020-04-29,0.040813,0.028865,0.040460,0.026584
93436,2020-04-30,-0.023273,-0.013076,-0.019332,-0.009212
93436,2020-05-01,-0.103034,-0.028041,-0.028944,-0.028059
93436,2020-05-04,0.085368,0.004810,0.003996,0.004250
93436,2020-05-05,0.009222,0.008738,0.003523,0.009041
93436,2020-05-06,0.018706,-0.005853,-0.008204,-0.006979
93436,2020-05-07,-0.003246,0.013322,0.015041,0.011505
93436,2020-05-08,0.050485,0.018605,0.026622,0.016872
93436,2020-05-11,-0.009922,-0.000441,-0.004087,0.000177
93436,2020-05-12,-0.002317,-0.020370,-0.018736,-0.020544
93436,2020-05-13,-0.022794,-0.019027,-0.027333,-0.017463
93436,2020-05-14,0.015639,0.010302,0.003296,0.011525
93436,2020-05-15,-0.005178,0.005234,0.008224,0.003926
93436,2020-05-18,0.018094,0.033368,0.045796,0.031501
93436,2020-05-19,-0.006907,-0.009706,-0.008125,-0.010484
93436,2020-05-20,0.009344,0.017387,0.022291,0.016651
93436,2020-05-21,0.014763,-0.006646,-0.000303,-0.007774
93436,2020-05-22,-0.012953,0.002656,0.002900,0.002354
93436,2020-05-26,0.002436,0.014186,0.024626,0.012289
93436,2020-05-27,0.001661,0.014962,0.020346,0.014827
93436,2020-05-28,-0.017580,-0.003516,-0.009559,-0.002108
93436,2020-05-29,0.036224,0.004678,-0.001383,0.004812
93436,2020-06-01,0.075569,0.006645,0.012506,0.003751
93436,2020-06-02,-0.018417,0.008413,0.011030,0.008211
93436,2020-06-03,0.001588,0.014862,0.022584,0.013649
93436,2020-06-04,-0.021043,-0.003038,0.008012,-0.003369
93436,2020-06-05,0.024619,0.025002,0.032168,0.026212
93436,2020-06-08,0.072556,0.014235,0.032393,0.012042
93436,2020-06-09,-0.009738,-0.009508,-0.010359,-0.007799
93436,2020-06-10,0.089702,-0.006659,-0.016255,-0.005313
93436,2020-06-11,-0.050934,-0.058203,-0.063587,-0.058944
93436,2020-06-12,-0.038609,0.014074,0.022566,0.013061
93436,2020-06-15,0.059469,0.010691,0.014460,0.008312
93436,2020-06-16,-0.008851,0.017647,0.018722,0.018962
93436,2020-06-17,0.009836,-0.004129,-0.008035,-0.003600
93436,2020-06-18,0.012271,0.001198,0.000431,0.000594
93436,2020-06-19,-0.003048,-0.004599,-0.002264,-0.005649
93436,2020-06-22,-0.006574,0.006682,0.003837,0.006495
93436,2020-06-23,0.007503,0.003905,0.003704,0.004307
93436,2020-06-24,-0.040857,-0.025737,-0.025694,-0.025855
93436,2020-06-25,0.026154,0.011260,0.010545,0.010959
93436,2020-06-26,-0.026613,-0.022878,-0.020526,-0.024227
93436,2020-06-29,0.051691,0.014497,0.016462,0.014686
93436,2020-06-30,0.069807,0.014671,0.009754,0.015410
93436,2020-07-01,0.036877,0.004033,-0.002446,0.005022
93436,2020-07-02,0.079517,0.005020,0.004246,0.004541
93436,2020-07-06,0.134794,0.014885,0.012130,0.015882
93436,2020-07-07,0.013328,-0.010264,-0.013507,-0.010819
93436,2020-07-08,-0.017254,0.008437,0.006774,0.007828
93436,2020-07-09,0.020792,-0.005703,-0.013139,-0.005644
93436,2020-07-10,0.107848,0.010386,0.012624,0.010466
93436,2020-07-13,-0.030810,-0.011212,-0.010449,-0.009363
93436,2020-07-14,0.013186,0.013290,0.009832,0.013406
93436,2020-07-15,0.019258,0.011800,0.024746,0.009082
93436,2020-07-16,-0.029347,-0.004003,-0.001971,-0.003406
93436,2020-07-17,0.000133,0.003636,0.005338,0.002849
93436,2020-07-20,0.094720,0.008567,0.002191,0.008407
93436,2020-07-21,-0.045429,0.002298,0.012603,0.001679
93436,2020-07-22,0.015283,0.005138,0.001624,0.005747
93436,2020-07-23,-0.049776,-0.010909,-0.004228,-0.012320
93436,2020-07-24,-0.063493,-0.006986,-0.007645,-0.006190
93436,2020-07-27,0.086521,0.009010,0.006945,0.007395
93436,2020-07-28,-0.040991,-0.006926,-0.004818,-0.006473
93436,2020-07-29,0.015320,0.013428,0.013156,0.012428
93436,2020-07-30,-0.007751,-0.003768,-0.002326,-0.003750
93436,2020-07-31,-0.038138,0.004524,-0.007106,0.007670
93436,2020-08-03,0.037910,0.008692,0.013695,0.007181
93436,2020-08-04,0.001347,0.004528,0.008749,0.003612
93436,2020-08-05,-0.001332,0.007526,0.012041,0.006430
93436,2020-08-06,0.003071,0.004654,-0.000438,0.006428
93436,2020-08-07,-0.024752,0.000244,0.006408,0.000633
93436,2020-08-10,-0.023501,0.002652,0.010567,0.002742
93436,2020-08-11,-0.031144,-0.007931,-0.005603,-0.007969
93436,2020-08-12,0.131236,0.012994,0.004380,0.013997
93436,2020-08-13,0.042605,-0.000593,-0.000391,-0.002047
93436,2020-08-14,0.018328,-0.000669,-0.000955,-0.000172
93436,2020-08-17,0.112031,0.005019,0.004042,0.002710
93436,2020-08-18,0.028028,0.001404,-0.005829,0.002303
93436,2020-08-19,-0.004536,-0.004378,-0.002526,-0.004404
93436,2020-08-20,0.065636,0.002806,-0.003818,0.003159
93436,2020-08-21,0.024053,0.001599,-0.007691,0.003441
93436,2020-08-24,-0.017454,0.008910,0.005493,0.010044
93436,2020-08-25,0.004538,0.003408,0.003946,0.003596
93436,2020-08-26,0.064166,0.008729,-0.002935,0.010196
93436,2020-08-27,0.039746,0.001686,-0.001134,0.001673
93436,2020-08-28,-0.011323,0.006925,0.010001,0.006733
93436,2020-08-31,0.125689,-0.001560,-0.007657,-0.002195
93436,2020-09-01,-0.046697,0.008490,0.003061,0.007525
93436,2020-09-02,-0.058268,0.012122,0.005777,0.015366
93436,2020-09-03,-0.090238,-0.033998,-0.021922,-0.035126
93436,2020-09-04,0.027813,-0.008065,-0.004367,-0.008133
93436,2020-09-08,-0.210628,-0.026800,-0.013253,-0.027756
93436,2020-09-09,0.109234,0.019843,0.011640,0.020145
93436,2020-09-10,0.013815,-0.015557,-0.009134,-0.017585
93436,2020-09-11,0.003716,-0.000188,-0.002105,0.000533
93436,2020-09-14,0.125832,0.015413,0.018789,0.012742
93436,2020-09-15,0.071827,0.005411,0.003102,0.005219
93436,2020-09-16,-0.017787,-0.003147,0.006364,-0.004619
93436,2020-09-17,-0.041493,-0.007869,-0.001762,-0.008412
93436,2020-09-18,0.044210,-0.008825,-0.002155,-0.011183
93436,2020-09-21,0.016375,-0.012511,-0.025050,-0.011571
93436,2020-09-22,-0.055987,0.009333,0.001005,0.010518
93436,2020-09-23,-0.103411,-0.024029,-0.022973,-0.023721
93436,2020-09-24,0.019534,0.002036,-0.000532,0.002987
93436,2020-09-25,0.050414,0.015674,0.011544,0.015977
93436,2020-09-28,0.034026,0.016584,0.017632,0.016111
93436,2020-09-29,-0.005057,-0.004001,0.000601,-0.004813
93436,2020-09-30,0.023719,0.006881,0.001363,0.008254
93436,2020-10-01,0.044638,0.007865,0.007672,0.005293
93436,2020-10-02,-0.073791,-0.007735,0.002193,-0.009572
93436,2020-10-05,0.025513,0.018302,0.017802,0.017976
93436,2020-10-06,-0.027485,-0.011910,-0.003646,-0.013988
93436,2020-10-07,0.027344,0.017039,0.016556,0.017406
93436,2020-10-08,0.001458,0.008516,0.011604,0.008007
93436,2020-10-09,0.018971,0.008550,0.004725,0.008791
93436,2020-10-12,0.019124,0.013469,0.004512,0.016419
93436,2020-10-13,0.009835,-0.004951,-0.005418,-0.006307
93436,2020-10-14,0.032800,-0.006017,-0.003401,-0.006623
93436,2020-10-15,-0.026924,-0.000777,0.002481,-0.001528
93436,2020-10-16,-0.020518,-0.000707,-0.000596,0.000135
93436,2020-10-19,-0.020106,-0.014167,-0.006850,-0.016330
93436,2020-10-20,-0.020635,0.003821,0.004499,0.004727
93436,2020-10-21,0.001659,-0.003440,-0.004248,-0.002196
93436,2020-10-22,0.007453,0.006130,0.008828,0.005219
93436,2020-10-23,-0.012119,0.003817,0.004067,0.003446
93436,2020-10-26,-0.000832,-0.018085,-0.019334,-0.018590
93436,2020-10-27,0.010469,-0.003025,-0.006574,-0.003026
93436,2020-10-28,-0.043939,-0.032808,-0.027019,-0.035288
93436,2020-10-29,0.011847,0.010473,0.009178,0.011947
93436,2020-10-30,-0.055473,-0.013112,-0.011517,-0.012130
93436,2020-11-02,0.032136,0.012086,0.012978,0.012318
93436,2020-11-03,0.058400,0.018824,0.019996,0.017799
93436,2020-11-04,-0.006888,0.019588,0.002001,0.022047
93436,2020-11-05,0.040643,0.021074,0.022564,0.019460
93436,2020-11-06,-0.018581,-0.000045,-0.005092,-0.000288
93436,2020-11-09,-0.020212,0.010634,0.030519,0.011700
93436,2020-11-10,-0.025875,-0.000557,0.010308,-0.001400
93436,2020-11-11,0.016498,0.008042,0.003495,0.007652
93436,2020-11-12,-0.012874,-0.009669,-0.010293,-0.009979
93436,2020-11-13,-0.007917,0.013293,0.016427,0.013610
93436,2020-11-16,-0.001004,0.012334,0.018089,0.011648
93436,2020-11-17,0.082139,-0.001528,0.002840,-0.004792
93436,2020-11-18,0.101968,-0.009049,-0.004338,-0.011564
93436,2020-11-19,0.025953,0.005837,0.007978,0.003946
93436,2020-11-20,-0.019348,-0.004295,0.002009,-0.006793
93436,2020-11-23,0.065848,0.007981,0.016264,0.005636
93436,2020-11-24,0.064252,0.015105,0.017018,0.016162
93436,2020-11-25,0.033527,0.000178,0.001262,-0.001584
93436,2020-11-27,0.020488,0.003998,0.006484,0.002397
93436,2020-11-30,-0.031003,-0.005743,-0.009174,-0.004595
93436,2020-12-01,0.030233,0.009645,0.006593,0.011271
93436,2020-12-02,-0.027259,0.001192,0.003558,0.001791
93436,2020-12-03,0.043177,0.002272,0.006908,-0.000624
93436,2020-12-04,0.009539,0.010477,0.017045,0.008836
93436,2020-12-07,0.071314,-0.000220,-0.000558,-0.001936
93436,2020-12-08,0.012653,0.004283,0.007310,0.002787
93436,2020-12-09,-0.069859,-0.009558,-0.005794,-0.007949
93436,2020-12-10,0.037371,0.002640,0.009297,-0.001285
93436,2020-12-11,-0.027238,-0.002252,-0.004281,-0.001265
93436,2020-12-14,0.048919,-0.003267,-0.002346,-0.004359
93436,2020-12-15,-0.010284,0.013083,0.013858,0.012921
93436,2020-12-16,-0.016550,0.001387,0.000409,0.001773
93436,2020-12-17,0.053198,0.007947,0.011095,0.005758
93436,2020-12-18,0.059613,-0.002101,-0.002766,-0.003511
93436,2020-12-21,-0.064950,-0.002928,-0.001855,-0.003906
93436,2020-12-22,-0.014649,0.000602,0.003866,-0.002073
93436,2020-12-23,0.008808,0.001445,0.010842,0.000746
93436,2020-12-24,0.024444,0.002330,-0.000277,0.003537
93436,2020-12-28,0.002901,0.003847,0.001350,0.008723
93436,2020-12-29,0.003465,-0.003652,-0.008483,-0.002227
93436,2020-12-30,0.043229,0.003291,0.010155,0.001342
93436,2020-12-31,0.015674,0.003558,-0.001058,0.006439
93436,2021-01-04,0.034152,-0.013064,-0.003012,-0.014755
93436,2021-01-05,0.007317,0.009014,0.016304,0.007083
93436,2021-01-06,0.028390,0.008037,0.017269,0.005710
93436,2021-01-07,0.079447,0.016263,0.016882,0.014847
93436,2021-01-08,0.078403,0.004688,0.002341,0.005492
93436,2021-01-11,-0.078214,-0.005645,0.000709,-0.006555
93436,2021-01-12,0.047153,0.004197,0.014239,0.000416
93436,2021-01-13,0.005851,0.000912,-0.000295,0.002276
93436,2021-01-14,-0.011013,-0.000047,0.013459,-0.003753
93436,2021-01-15,-0.022296,-0.008542,-0.009756,-0.007190
93436,2021-01-19,0.022260,0.008537,0.013550,0.008136
93436,2021-01-20,0.006986,0.012048,0.006976,0.013936
93436,2021-01-21,-0.006420,-0.000935,-0.001395,0.000317
93436,2021-01-22,0.001953,-0.001461,0.005535,-0.003011
93436,2021-01-25,0.040348,0.002429,0.003159,0.003616
93436,2021-01-26,0.002600,-0.002925,-0.001620,-0.001489
93436,2021-01-27,-0.021436,-0.024763,-0.020591,-0.025678
93436,2021-01-28,-0.033246,0.009276,0.006922,0.009761
93436,2021-01-29,-0.050154,-0.017643,-0.012198,-0.019312
93436,2021-02-01,0.058322,0.017251,0.020200,0.016052
93436,2021-02-02,0.039271,0.014014,0.012765,0.013898
93436,2021-02-03,-0.020738,0.001354,0.010909,0.001009
93436,2021-02-04,-0.005499,0.011293,0.015351,0.010853
93436,2021-02-05,0.002635,0.006078,0.011105,0.003897
93436,2021-02-08,0.013130,0.009781,0.023485,0.007399
93436,2021-02-09,-0.016168,0.000958,0.008377,-0.001113
93436,2021-02-10,-0.052551,-0.000306,0.001926,-0.000345
93436,2021-02-11,0.008499,0.001885,0.000046,0.001662
93436,2021-02-12,0.005495,0.004671,0.005813,0.004711
93436,2021-02-16,-0.024384,-0.001123,0.007409,-0.000569
93436,2021-02-17,0.002424,-0.002344,-0.004152,-0.000320
93436,2021-02-18,-0.013494,-0.006585,-0.013763,-0.004416
93436,2021-02-19,-0.007722,0.002724,0.012252,-0.001855
93436,2021-02-22,-0.085499,-0.009646,-0.006367,-0.007733
93436,2021-02-23,-0.021917,-0.001282,-0.015496,0.001256
93436,2021-02-24,0.061788,0.011298,0.017854,0.011352
93436,2021-02-25,-0.080591,-0.026609,-0.027999,-0.024479
93436,2021-02-26,-0.009850,-0.003846,-0.007921,-0.004750
93436,2021-03-01,0.063553,0.024765,0.025468,0.023791
93436,2021-03-02,-0.044528,-0.009017,-0.007969,-0.008081
93436,2021-03-03,-0.048424,-0.014661,-0.009905,-0.013066
93436,2021-03-04,-0.048622,-0.016690,-0.028151,-0.013417
93436,2021-03-05,-0.037799,0.017372,0.012897,0.019496
93436,2021-03-08,-0.058450,-0.005877,0.001343,-0.005359
93436,2021-03-09,0.196412,0.016852,0.021626,0.014155
93436,2021-03-10,-0.008195,0.006778,0.010512,0.006030
93436,2021-03-11,0.047211,0.014170,0.020996,0.010395
93436,2021-03-12,-0.008391,0.001509,0.004662,0.001015
93436,2021-03-15,0.020484,0.007061,0.008545,0.006492
93436,2021-03-16,-0.043874,-0.004282,-0.010860,-0.001570
93436,2021-03-17,0.036831,0.003570,0.007362,0.002879
93436,2021-03-18,-0.069321,-0.017954,-0.018316,-0.014761
93436,2021-03-19,0.002618,0.001804,0.006821,-0.000603
93436,2021-03-22,0.023104,0.004791,-0.003397,0.007025
93436,2021-03-23,-0.011702,-0.011993,-0.025059,-0.007631
93436,2021-03-24,-0.048160,-0.009090,-0.016742,-0.005467
93436,2021-03-25,0.016057,0.006556,0.010554,0.005240
93436,2021-03-26,-0.033854,0.015363,0.009622,0.016631
93436,2021-03-29,-0.011993,-0.005260,-0.015326,-0.000868
93436,2021-03-30,0.039801,0.000023,0.006469,-0.003158
93436,2021-03-31,0.050832,0.005605,0.009508,0.003623
93436,2021-04-01,-0.009252,0.012802,0.013968,0.011825
93436,2021-04-05,0.044277,0.011451,0.004030,0.014438
93436,2021-04-06,0.000825,0.000329,0.000240,-0.000974
93436,2021-04-07,-0.029857,-0.001475,-0.008745,0.001475
93436,2021-04-08,0.019122,0.005892,0.006366,0.004221
93436,2021-04-09,-0.009915,0.005508,-0.001899,0.007720
93436,2021-04-12,0.036867,-0.000689,-0.009196,-0.000196
93436,2021-04-13,0.085957,0.003958,-0.000586,0.003295
93436,2021-04-14,-0.039472,-0.002872,0.002728,-0.004088
93436,2021-04-15,0.009041,0.010050,-0.000239,0.011094
93436,2021-04-16,0.001259,0.002625,-0.001392,0.003609
93436,2021-04-19,-0.033997,-0.006927,-0.008418,-0.005306
93436,2021-04-20,0.006101,-0.009080,-0.013927,-0.006802
93436,2021-04-21,0.034952,0.011280,0.018282,0.009306
93436,2021-04-22,-0.032831,-0.007251,-0.000753,-0.009211
93436,2021-04-23,0.013492,0.012026,0.012955,0.010929
93436,2021-04-26,0.012065,0.004392,0.010775,0.001782
93436,2021-04-27,-0.045326,-0.000236,-0.000130,-0.000215
93436,2021-04-28,-0.014672,0.000142,0.004216,-0.000846
93436,2021-04-29,-0.025058,0.003534,-0.002602,0.006763
93436,2021-04-30,0.047917,-0.008008,-0.008260,-0.007195
93436,2021-05-03,-0.034591,0.002051,0.005307,0.002748
93436,2021-05-04,-0.016499,-0.008437,-0.010255,-0.006678
93436,2021-05-05,-0.003949,-0.000050,-0.000270,0.000704
93436,2021-05-06,-0.011029,0.004793,-0.003650,0.008165
93436,2021-05-07,0.013307,0.008673,0.010497,0.007373
93436,2021-05-10,-0.064444,-0.012279,-0.014776,-0.010436
93436,2021-05-11,-0.018822,-0.006579,-0.003533,-0.008674
93436,2021-05-12,-0.044248,-0.022536,-0.020529,-0.021449
93436,2021-05-13,-0.030853,0.009761,0.000891,0.012173
93436,2021-05-14,0.031573,0.017585,0.021016,0.014918
93436,2021-05-17,-0.021891,-0.001356,0.004658,-0.002530
93436,2021-05-18,0.001803,-0.005975,0.002453,-0.008517
93436,2021-05-19,-0.024936,-0.003798,-0.005873,-0.002943
93436,2021-05-20,0.041387,0.011154,0.009874,0.010555
93436,2021-05-21,-0.010055,-0.000303,0.002794,-0.000784
93436,2021-05-24,0.044002,0.009375,0.002333,0.009911
93436,2021-05-25,-0.002886,-0.002731,-0.006541,-0.002125
93436,2021-05-26,0.023880,0.004533,0.012115,0.001877
93436,2021-05-27,0.018930,0.002905,0.008300,0.001165
93436,2021-05-28,-0.008924,0.001006,0.001001,0.000769
93436,2021-06-01,-0.002111,0.001667,0.009881,-0.000492
93436,2021-06-02,-0.030101,0.001731,0.002925,0.001447
93436,2021-06-03,-0.053345,-0.005216,-0.003755,-0.003629
93436,2021-06-04,0.045754,0.008419,0.005092,0.008834
93436,2021-06-07,0.010149,0.001642,0.008558,-0.000797
93436,2021-06-08,-0.002545,0.001769,0.005960,0.000175
93436,2021-06-09,-0.007969,-0.002880,-0.000927,-0.001824
93436,2021-06-10,0.018938,0.004027,0.000613,0.004652
93436,2021-06-11,-0.000377,0.003115,0.004048,0.001948
93436,2021-06-14,0.012789,0.001325,-0.000683,0.001815
93436,2021-06-15,-0.029675,-0.002962,-0.005567,-0.002012
93436,2021-06-16,0.009193,-0.004693,-0.002602,-0.005390
93436,2021-06-17,0.019393,-0.001405,-0.007398,-0.000436
93436,2021-06-18,0.010882,-0.012535,-0.013293,-0.013125
93436,2021-06-21,-0.003979,0.013561,0.009485,0.014002
93436,2021-06-22,0.004639,0.004926,0.001081,0.005125
93436,2021-06-23,0.052685,-0.000137,0.004536,-0.001083
93436,2021-06-24,0.035411,0.006528,0.009578,0.005811
93436,2021-06-25,-0.011694,0.003216,0.002692,0.003331
93436,2021-06-28,0.025079,0.001063,-0.003253,0.002315
93436,2021-06-29,-0.011558,-0.000040,-0.002865,0.000277
93436,2021-06-30,-0.001557,0.000360,0.000284,0.001328
93436,2021-07-01,-0.002619,0.004200,0.003007,0.005222
93436,2021-07-02,0.001446,0.005001,-0.003850,0.007500
93436,2021-07-06,-0.028458,-0.003010,-0.009556,-0.002022
93436,2021-07-07,-0.022636,0.001100,-0.007276,0.003359
93436,2021-07-08,0.012658,-0.009006,-0.007498,-0.008561
93436,2021-07-09,0.006342,0.012887,0.016291,0.011278
93436,2021-07-12,0.043763,0.002173,0.001703,0.003451
93436,2021-07-13,-0.025026,-0.005943,-0.010875,-0.003517
93436,2021-07-14,-0.022676,-0.002375,-0.010452,0.001165
93436,2021-07-15,-0.004255,-0.003905,-0.005299,-0.003262
93436,2021-07-16,-0.009806,-0.007607,-0.010081,-0.007539
93436,2021-07-19,0.003105,-0.014629,-0.013580,-0.015870
93436,2021-07-20,0.022098,0.016902,0.017687,0.015163
93436,2021-07-21,-0.007888,0.009672,0.015063,0.008242
93436,2021-07-22,-0.009202,0.000285,-0.007043,0.002017
93436,2021-07-23,-0.009056,0.008915,-0.002049,0.010145
93436,2021-07-26,0.022133,0.001649,-0.000460,0.002382
93436,2021-07-27,-0.019525,-0.005939,-0.009745,-0.004712
93436,2021-07-28,0.003412,0.002969,0.012658,-0.000186
93436,2021-07-29,0.046941,0.004547,0.003877,0.004206
93436,2021-07-30,0.014542,-0.005629,-0.005072,-0.005406
93436,2021-08-02,0.032698,-0.001350,0.001456,-0.001843
93436,2021-08-03,0.000099,0.006796,0.000659,0.008203
93436,2021-08-04,0.001663,-0.003965,-0.007763,-0.004632
93436,2021-08-05,0.005219,0.007173,0.010524,0.006005
93436,2021-08-06,-0.021732,0.000825,0.002363,0.001675
93436,2021-08-09,0.020970,-0.000405,0.000769,-0.000940
93436,2021-08-10,-0.005282,0.000668,0.001200,0.000993
93436,2021-08-11,-0.003056,0.002429,0.002325,0.002468
93436,2021-08-12,0.020387,0.001978,-0.003078,0.002952
93436,2021-08-13,-0.007034,0.000280,-0.006952,0.001607
93436,2021-08-16,-0.043225,-0.000843,-0.010526,0.002621
93436,2021-08-17,-0.029818,-0.007821,-0.010395,-0.007061
93436,2021-08-18,0.034970,-0.008858,-0.002717,-0.010748
93436,2021-08-19,-0.022526,-0.002259,-0.012429,0.001257
93436,2021-08-20,0.010082,0.008679,0.010185,0.008142
93436,2021-08-23,0.038279,0.010518,0.016718,0.008524
93436,2021-08-24,0.003101,0.004232,0.010988,0.001496
93436,2021-08-25,0.003825,0.002593,0.003958,0.002220
93436,2021-08-26,-0.014117,-0.006469,-0.005873,-0.005825
93436,2021-08-27,0.015346,0.010965,0.016242,0.008808
93436,2021-08-30,0.026674,0.003027,-0.000524,0.004307
93436,2021-08-31,0.006581,-0.001063,0.004912,-0.001349
93436,2021-09-01,-0.002215,0.001985,0.004975,0.000312
93436,2021-09-02,-0.002316,0.004125,0.005830,0.002843
93436,2021-09-03,0.001611,-0.000078,-0.002060,-0.000335
93436,2021-09-07,0.026378,-0.004163,-0.004219,-0.003395
93436,2021-09-08,0.001262,-0.003491,-0.008765,-0.001319
93436,2021-09-09,0.001313,-0.002862,0.001191,-0.004606
93436,2021-09-10,-0.024627,-0.007309,-0.005727,-0.007723
93436,2021-09-13,0.009141,0.001957,0.001363,0.002277
93436,2021-09-14,0.002005,-0.006226,-0.010711,-0.005747
93436,2021-09-15,0.015232,0.008518,0.006521,0.008474
93436,2021-09-16,0.001535,-0.000877,-0.000052,-0.001551
93436,2021-09-17,0.003303,-0.007397,-0.000968,-0.009111
93436,2021-09-20,-0.038605,-0.018222,-0.022307,-0.016977
93436,2021-09-21,0.012614,0.000856,0.004033,-0.000812
93436,2021-09-22,0.016987,0.009965,0.010353,0.009520
93436,2021-09-23,0.002261,0.012060,0.012258,0.012135
93436,2021-09-24,0.027533,-0.000111,-0.003788,0.001461
93436,2021-09-27,0.021914,-0.000980,0.008200,-0.002776
93436,2021-09-28,-0.017438,-0.020769,-0.016825,-0.020364
93436,2021-09-29,0.004823,-0.000069,-0.004320,0.001569
93436,2021-09-30,-0.007462,-0.009500,-0.002315,-0.011910
93436,2021-10-01,-0.000335,0.010643,0.007536,0.011491
93436,2021-10-04,0.008140,-0.012878,-0.011107,-0.012986
93436,2021-10-05,-0.001203,0.009502,0.003845,0.010524
93436,2021-10-06,0.002767,0.002818,-0.004543,0.004103
93436,2021-10-07,0.013874,0.009925,0.010992,0.008298
93436,2021-10-08,-0.010232,-0.002520,-0.002715,-0.001914
93436,2021-10-11,0.008211,-0.006344,-0.002642,-0.006866
93436,2021-10-12,0.017400,0.000236,0.004511,-0.002417
93436,2021-10-13,0.006652,0.004802,0.005999,0.003023
93436,2021-10-14,0.008926,0.015965,0.008072,0.017063
93436,2021-10-15,0.030196,0.005721,-0.000452,0.007460
93436,2021-10-18,0.032122,0.003275,-0.001035,0.003375
93436,2021-10-19,-0.006712,0.006813,0.005574,0.007393
93436,2021-10-20,0.001770,0.003892,0.005235,0.003664
93436,2021-10-21,0.032571,0.002944,0.000043,0.002996
93436,2021-10-22,0.017539,-0.001700,-0.003687,-0.001073
93436,2021-10-25,0.126616,0.005483,0.006844,0.004748
93436,2021-10-26,-0.006274,-0.000059,-0.002559,0.001820
93436,2021-10-27,0.019078,-0.007541,-0.011066,-0.005052
93436,2021-10-28,0.037751,0.011248,0.010778,0.009829
93436,2021-10-29,0.034316,0.000973,-0.001533,0.001949
93436,2021-11-01,0.084910,0.005685,0.016247,0.001800
93436,2021-11-02,-0.030275,0.002035,-0.000788,0.003680
93436,2021-11-03,0.035717,0.007317,0.009461,0.006461
93436,2021-11-04,0.013222,0.002951,-0.001967,0.004182
93436,2021-11-05,-0.006358,0.004007,0.004682,0.003733
93436,2021-11-08,-0.048401,0.001985,0.005168,0.000888
93436,2021-11-09,-0.119903,-0.002888,-0.002868,-0.003499
93436,2021-11-10,0.043429,-0.010458,-0.011510,-0.008226
93436,2021-11-11,-0.004157,0.002449,0.005680,0.000551
93436,2021-11-12,-0.028293,0.007136,0.003169,0.007223
93436,2021-11-15,-0.019382,-0.000328,-0.002949,-0.000011
93436,2021-11-16,0.040794,0.004036,-0.002866,0.003865
93436,2021-11-17,0.032501,-0.004441,-0.008376,-0.002602
93436,2021-11-18,0.006768,0.000267,-0.010814,0.003385
93436,2021-11-19,0.037104,-0.002866,-0.006675,-0.001399
93436,2021-11-22,0.017422,-0.006220,-0.008697,-0.003197
93436,2021-11-23,-0.041353,-0.000289,-0.003282,0.001657
93436,2021-11-24,0.006285,0.003215,0.006189,0.002294
93436,2021-11-26,-0.030538,-0.022333,-0.020562,-0.022725
93436,2021-11-29,0.050900,0.010084,-0.002004,0.013200
93436,2021-11-30,0.006834,-0.019130,-0.013911,-0.018961
93436,2021-12-01,-0.043468,-0.015120,-0.018774,-0.011815
93436,2021-12-02,-0.009498,0.015404,0.012687,0.014194
93436,2021-12-03,-0.064199,-0.011375,-0.018757,-0.008449
93436,2021-12-06,-0.005872,0.011801,0.011818,0.011731
93436,2021-12-07,0.042358,0.021576,0.022344,0.020707
93436,2021-12-08,0.016363,0.004299,0.009254,0.003085
93436,2021-12-09,-0.060956,-0.010779,-0.015051,-0.007181
93436,2021-12-10,0.013180,0.006154,-0.003162,0.009549
93436,2021-12-13,-0.049772,-0.009868,-0.013042,-0.009136
93436,2021-12-14,-0.008175,-0.007689,-0.010743,-0.007471
93436,2021-12-15,0.018237,0.015057,0.009288,0.016348
93436,2021-12-16,-0.050277,-0.010042,-0.008498,-0.008743
93436,2021-12-17,0.006095,-0.006259,0.003383,-0.010288
93436,2021-12-20,-0.034989,-0.012320,-0.012894,-0.011388
93436,2021-12-21,0.042881,0.019936,0.019754,0.017778
93436,2021-12-22,0.074947,0.009573,0.006539,0.010180
93436,2021-12-23,0.057619,0.006854,0.008728,0.006224
93436,2021-12-27,0.025248,0.012046,0.002260,0.013839
93436,2021-12-28,-0.005000,-0.002438,-0.007305,-0.001010
93436,2021-12-29,-0.002095,0.000553,-0.003616,0.001402
93436,2021-12-30,-0.014592,-0.000979,0.006862,-0.002990
93436,2021-12-31,-0.012669,-0.002389,-0.000770,-0.002626
93436,2022-01-03,0.135317,0.006155,0.013300,0.006374
93436,2022-01-04,-0.041833,-0.002351,-0.003614,-0.000630
93436,2022-01-05,-0.053471,-0.021879,-0.022888,-0.019393
93436,2022-01-06,-0.021523,0.000161,-0.000855,-0.000964
93436,2022-01-07,-0.035447,-0.004164,-0.003449,-0.004050
93436,2022-01-10,0.030342,-0.001893,-0.006038,-0.001441
93436,2022-01-11,0.005935,0.010905,0.012900,0.009160
93436,2022-01-12,0.039290,0.001817,-0.001804,0.002818
93436,2022-01-13,-0.067491,-0.014356,-0.011682,-0.014244
93436,2022-01-14,0.017498,0.000164,-0.000537,0.000820
93436,2022-01-18,-0.018197,-0.019346,-0.020456,-0.018388
93436,2022-01-19,-0.033828,-0.009368,-0.007658,-0.009690
93436,2022-01-20,0.000623,-0.010991,-0.010844,-0.011037
93436,2022-01-21,-0.052566,-0.019931,-0.020748,-0.018915
93436,2022-01-24,-0.014726,0.004196,0.001777,0.002772
93436,2022-01-25,-0.012473,-0.012440,-0.003871,-0.012172
93436,2022-01-26,0.020699,-0.003579,-0.008831,-0.001497
93436,2022-01-27,-0.115542,-0.008106,-0.017301,-0.005384
93436,2022-01-28,0.020806,0.022473,0.012924,0.024348
93436,2022-01-31,0.106776,0.022431,0.030493,0.018886
93436,2022-02-01,-0.005839,0.008548,0.012938,0.006863
93436,2022-02-02,-0.027479,0.004746,-0.008769,0.009423
93436,2022-02-03,-0.016032,-0.023331,-0.017392,-0.024391
93436,2022-02-04,0.036111,0.007243,0.007808,0.005157
93436,2022-02-07,-0.017307,-0.001807,0.004501,-0.003702
93436,2022-02-08,0.016157,0.009147,0.008339,0.008401
93436,2022-02-09,0.010846,0.016251,0.016842,0.014517
93436,2022-02-10,-0.029453,-0.016293,-0.010505,-0.018116
93436,2022-02-11,-0.049251,-0.017672,-0.011637,-0.018969
93436,2022-02-14,0.018326,-0.004128,-0.008027,-0.003841
93436,2022-02-15,0.053291,0.017622,0.021559,0.015767
93436,2022-02-16,0.001041,0.000308,0.001503,0.000881
93436,2022-02-17,-0.050943,-0.021239,-0.017211,-0.021173
93436,2022-02-18,-0.022103,-0.008297,-0.010070,-0.007166
93436,2022-02-22,-0.041366,-0.011235,-0.014612,-0.010143
93436,2022-02-23,-0.069979,-0.018075,-0.013319,-0.018412
93436,2022-02-24,0.048073,0.016083,0.013783,0.014957
93436,2022-02-25,0.011364,0.022121,0.016934,0.022373
93436,2022-02-28,0.074777,-0.000365,0.002819,-0.002443
93436,2022-03-01,-0.006962,-0.015027,-0.010420,-0.015473
93436,2022-03-02,0.017955,0.017773,0.013006,0.018643
93436,2022-03-03,-0.046142,-0.008077,-0.011302,-0.005255
93436,2022-03-04,-0.001191,-0.010171,-0.013542,-0.007934
93436,2022-03-07,-0.040213,-0.029143,-0.017518,-0.029518
93436,2022-03-08,0.024634,-0.004392,0.005647,-0.007234
93436,2022-03-09,0.041933,0.026287,0.023880,0.025698
93436,2022-03-10,-0.024064,-0.004184,-0.004556,-0.004292
93436,2022-03-11,-0.051235,-0.013741,-0.016071,-0.012962
93436,2022-03-14,-0.036437,-0.010539,-0.021574,-0.007421
93436,2022-03-15,0.046348,0.019118,0.010654,0.021408
93436,2022-03-16,0.047812,0.025417,0.031026,0.022384
93436,2022-03-17,0.037335,0.013941,0.018967,0.012348
93436,2022-03-18,0.038768,0.012298,0.013125,0.011662
93436,2022-03-21,0.017418,-0.001730,-0.004166,-0.000435
93436,2022-03-22,0.079053,0.011770,0.012433,0.011304
93436,2022-03-23,0.005161,-0.011877,-0.007287,-0.012273
93436,2022-03-24,0.014823,0.013111,0.008528,0.014344
93436,2022-03-25,-0.003235,0.003084,-0.003684,0.005066
93436,2022-03-28,0.080345,0.006122,-0.002104,0.007145
93436,2022-03-29,0.007080,0.014708,0.017348,0.012257
93436,2022-03-30,-0.005075,-0.007642,-0.008686,-0.006294
93436,2022-03-31,-0.014982,-0.014539,-0.009262,-0.015653
93436,2022-04-01,0.006487,0.004477,0.006133,0.003410
93436,2022-04-04,0.056113,0.008315,0.008491,0.008091
93436,2022-04-05,-0.047309,-0.014787,-0.015893,-0.012552
93436,2022-04-06,-0.041695,-0.011276,-0.012338,-0.009717
93436,2022-04-07,0.010997,0.002480,-0.003872,0.004253
93436,2022-04-08,-0.030049,-0.003214,-0.004984,-0.002651
93436,2022-04-11,-0.048328,-0.014385,-0.010571,-0.016877
93436,2022-04-12,0.011292,-0.002728,-0.002382,-0.003418
93436,2022-04-13,0.035888,0.013356,0.013674,0.011175
93436,2022-04-14,-0.036552,-0.011685,-0.008326,-0.012144
93436,2022-04-18,0.019584,-0.002124,-0.009658,-0.000205
93436,2022-04-19,0.023758,0.016324,0.012954,0.016058
93436,2022-04-20,-0.049555,-0.000861,-0.000075,-0.000619
93436,2022-04-21,0.032317,-0.016871,-0.019458,-0.014753
93436,2022-04-22,-0.003698,-0.026382,-0.017404,-0.027740
93436,2022-04-25,-0.006995,0.005326,0.001240,0.005698
93436,2022-04-26,-0.121841,-0.028338,-0.024434,-0.028146
93436,2022-04-27,0.005808,0.001297,-0.001817,0.002098
93436,2022-04-28,-0.004538,0.022979,0.012195,0.024747
93436,2022-04-29,-0.007692,-0.033543,-0.017716,-0.036285
93436,2022-05-02,0.036956,0.005966,0.005146,0.005675
93436,2022-05-03,0.006988,0.005109,0.006211,0.004837
93436,2022-05-04,0.047699,0.027983,0.017719,0.029862
93436,2022-05-05,-0.083286,-0.036281,-0.031048,-0.035650
93436,2022-05-06,-0.008737,-0.008396,-0.014590,-0.005674
93436,2022-05-09,-0.090730,-0.035487,-0.040380,-0.032037
93436,2022-05-10,0.016427,0.001277,-0.003265,0.002458
93436,2022-05-11,-0.082546,-0.017115,-0.022909,-0.016463
93436,2022-05-12,-0.008174,0.001470,0.005678,-0.001296
93436,2022-05-13,0.057129,0.026999,0.030828,0.023870
93436,2022-05-16,-0.058759,-0.004679,-0.001760,-0.003946
93436,2022-05-17,0.051410,0.020557,0.023178,0.020170
93436,2022-05-18,-0.068014,-0.037661,-0.025583,-0.040395
93436,2022-05-19,-0.000549,-0.002115,0.005998,-0.005834
93436,2022-05-20,-0.064165,-0.000026,-0.003057,0.000146
93436,2022-05-23,0.016569,0.016398,0.008201,0.018555
93436,2022-05-24,-0.069255,-0.010605,-0.015893,-0.008121
93436,2022-05-25,0.048777,0.011199,0.013029,0.009451
93436,2022-05-26,0.074271,0.019776,0.017453,0.019883
93436,2022-05-27,0.073333,0.024482,0.020715,0.024742
93436,2022-05-31,-0.001804,-0.006957,-0.004159,-0.006274
93436,2022-06-01,-0.023594,-0.006968,-0.007004,-0.007483
93436,2022-06-02,0.046774,0.020266,0.018635,0.018431
93436,2022-06-03,-0.092194,-0.015360,-0.006476,-0.016347
93436,2022-06-06,0.016047,0.002954,-0.000232,0.003137
93436,2022-06-07,0.002546,0.009806,0.010778,0.009523
93436,2022-06-08,0.012475,-0.010409,-0.002544,-0.010794
93436,2022-06-09,-0.008931,-0.023580,-0.018039,-0.023799
93436,2022-06-10,-0.031191,-0.028242,-0.022558,-0.029110
93436,2022-06-13,-0.071022,-0.040683,-0.043392,-0.038768
93436,2022-06-14,0.023887,-0.003455,-0.004295,-0.003774
93436,2022-06-15,0.054824,0.014988,0.014309,0.014593
93436,2022-06-16,-0.085408,-0.034246,-0.030492,-0.032512
93436,2022-06-17,0.017175,0.004000,0.009816,0.002201
93436,2022-06-21,0.093544,0.022508,0.014470,0.024477
93436,2022-06-22,-0.004008,-0.002209,-0.002164,-0.001302
93436,2022-06-23,-0.004306,0.009173,0.010361,0.009532
93436,2022-06-24,0.045249,0.029803,0.018007,0.030563
93436,2022-06-27,-0.003202,-0.002129,0.001884,-0.002973
93436,2022-06-28,-0.050044,-0.018708,-0.013435,-0.020143
93436,2022-06-29,-0.017937,-0.002681,-0.008789,-0.000712
93436,2022-06-30,-0.017579,-0.008945,-0.006289,-0.008759
93436,2022-07-01,0.012429,0.011007,0.007705,0.010554
93436,2022-07-05,0.025536,0.002031,0.004354,0.001584
93436,2022-07-06,-0.005721,0.000678,-0.004074,0.003573
93436,2022-07-07,0.055279,0.016903,0.021121,0.014965
93436,2022-07-08,0.025435,-0.000824,0.002676,-0.000830
93436,2022-07-11,-0.065480,-0.013163,-0.016265,-0.011527
93436,2022-07-12,-0.005434,-0.008058,-0.002621,-0.009244
93436,2022-07-13,0.017033,-0.003428,-0.000128,-0.004457
93436,2022-07-14,0.005372,-0.005548,-0.010477,-0.002999
93436,2022-07-15,0.007357,0.018546,0.012759,0.019201
93436,2022-07-18,0.001999,-0.005552,0.000888,-0.008364
93436,2022-07-19,0.020717,0.027381,0.022051,0.027628
93436,2022-07-20,0.008023,0.007873,0.010834,0.005896
93436,2022-07-21,0.097805,0.009349,0.004848,0.009861
93436,2022-07-22,0.001975,-0.010469,-0.013783,-0.009332
93436,2022-07-25,-0.013995,0.001988,0.001669,0.001315
93436,2022-07-26,-0.035664,-0.011840,-0.008892,-0.011543
93436,2022-07-27,0.061655,0.025315,0.018080,0.026156
93436,2022-07-28,0.022124,0.012436,0.009486,0.012133
93436,2022-07-29,0.057850,0.013414,0.005708,0.014208
93436,2022-08-01,0.000426,-0.002154,0.000041,-0.002823
93436,2022-08-02,0.011134,-0.005244,0.003821,-0.006662
93436,2022-08-03,0.022656,0.014969,0.014301,0.015638
93436,2022-08-04,0.004023,-0.000469,0.004259,-0.000777
93436,2022-08-05,-0.066303,-0.000378,0.005310,-0.001626
93436,2022-08-08,0.007819,0.001213,0.009318,-0.001238
93436,2022-08-09,-0.024413,-0.006349,-0.013252,-0.004249
93436,2022-08-10,0.038906,0.022615,0.021278,0.021291
93436,2022-08-11,-0.026249,-0.000224,0.003621,-0.000705
93436,2022-08-12,0.046750,0.016856,0.013630,0.017322
93436,2022-08-15,0.030964,0.002804,0.001988,0.003969
93436,2022-08-16,-0.008912,0.001907,-0.001821,0.001876
93436,2022-08-17,-0.008372,-0.009190,-0.012785,-0.007238
93436,2022-08-18,-0.003706,0.002709,0.002170,0.002270
93436,2022-08-19,-0.020482,-0.014640,-0.017990,-0.012900
93436,2022-08-22,-0.022764,-0.020291,-0.016149,-0.021400
93436,2022-08-23,0.022558,-0.000707,0.002982,-0.002238
93436,2022-08-24,0.002170,0.003947,0.007360,0.002916
93436,2022-08-25,-0.003456,0.014208,0.010610,0.014092
93436,2022-08-26,-0.026953,-0.031867,-0.023938,-0.033688
93436,2022-08-29,-0.011351,-0.006512,-0.005659,-0.006666
93436,2022-08-30,-0.024998,-0.011447,-0.012022,-0.011028
93436,2022-08-31,-0.007526,-0.007189,-0.002479,-0.007817
93436,2022-09-01,0.005624,-0.001093,-0.009851,0.002996
93436,2022-09-02,-0.025076,-0.008552,-0.004037,-0.010736
93436,2022-09-06,0.015581,-0.004937,-0.008640,-0.004095
93436,2022-09-07,0.033817,0.018279,0.014478,0.018341
93436,2022-09-08,0.019598,0.007387,0.006252,0.006611
93436,2022-09-09,0.036023,0.016682,0.015483,0.015271
93436,2022-09-12,0.015817,0.010793,0.008578,0.010584
93436,2022-09-13,-0.040372,-0.040550,-0.027192,-0.043237
93436,2022-09-14,0.035874,0.003995,0.000535,0.003387
93436,2022-09-15,0.003767,-0.010278,-0.005651,-0.011318
93436,2022-09-16,-0.001317,-0.009523,-0.014128,-0.007182
93436,2022-09-19,0.018856,0.006945,-0.001124,0.006857
93436,2022-09-20,-0.001100,-0.012176,-0.013387,-0.011272
93436,2022-09-21,-0.025686,-0.015952,-0.012529,-0.017116
93436,2022-09-22,-0.040592,-0.011461,-0.017337,-0.008428
93436,2022-09-23,-0.045948,-0.019087,-0.022912,-0.017233
93436,2022-09-26,0.002470,-0.011469,-0.013512,-0.010341
93436,2022-09-27,0.025108,-0.000730,0.001846,-0.002120
93436,2022-09-28,0.017212,0.021612,0.022669,0.019672
93436,2022-09-29,-0.068101,-0.020934,-0.019556,-0.021126
93436,2022-09-30,-0.011036,-0.012297,-0.004068,-0.015067
93436,2022-10-03,-0.086145,0.025437,0.020441,0.025884
93436,2022-10-04,0.029043,0.032369,0.030581,0.030584
93436,2022-10-05,-0.034598,-0.003162,-0.004575,-0.002018
93436,2022-10-06,-0.011129,-0.009342,-0.004077,-0.010245
93436,2022-10-07,-0.063243,-0.027375,-0.023965,-0.028004
93436,2022-10-10,-0.000493,-0.008193,-0.009718,-0.007492
93436,2022-10-11,-0.028974,-0.006415,-0.005654,-0.006519
93436,2022-10-12,0.003418,-0.002909,-0.001043,-0.003291
93436,2022-10-13,0.020622,0.023430,0.013601,0.025966
93436,2022-10-14,-0.075456,-0.023710,-0.018166,-0.023663
93436,2022-10-17,0.070052,0.026731,0.020040,0.026480
93436,2022-10-18,0.003829,0.011592,0.008468,0.011428
93436,2022-10-19,0.008402,-0.008946,-0.014353,-0.006672
93436,2022-10-20,-0.066474,-0.007498,-0.004555,-0.007951
93436,2022-10-21,0.034543,0.022119,0.012484,0.023725
93436,2022-10-24,-0.014876,0.008700,-0.003333,0.011882
93436,2022-10-25,0.052852,0.018290,0.022517,0.016267
93436,2022-10-26,0.010004,-0.004575,0.004725,-0.007388
93436,2022-10-27,0.002003,-0.004139,-0.001551,-0.006083
93436,2022-10-28,0.015238,0.021281,0.011624,0.024626
93436,2022-10-31,-0.004289,-0.005972,-0.002005,-0.007454
93436,2022-11-01,0.001231,-0.002194,0.003938,-0.004101
93436,2022-11-02,-0.056360,-0.025073,-0.020792,-0.025002
93436,2022-11-03,0.001535,-0.008895,-0.003951,-0.010586
93436,2022-11-04,-0.036413,0.013226,0.009348,0.013619
93436,2022-11-07,-0.050080,0.008101,0.003382,0.009614
93436,2022-11-08,-0.029328,0.005273,-0.000576,0.005598
93436,2022-11-09,-0.071668,-0.021136,-0.023470,-0.020778
93436,2022-11-10,0.073934,0.055288,0.044090,0.055434
93436,2022-11-11,0.027527,0.010538,0.016071,0.009241
93436,2022-11-14,-0.025616,-0.009507,-0.006578,-0.008936
93436,2022-11-15,0.018172,0.010174,0.010383,0.008713
93436,2022-11-16,-0.038576,-0.009704,-0.013796,-0.008252
93436,2022-11-17,-0.020062,-0.004122,-0.006169,-0.003089
93436,2022-11-18,-0.016269,0.004185,0.000658,0.004759
93436,2022-11-21,-0.068372,-0.004588,-0.007304,-0.003884
93436,2022-11-22,0.012152,0.013241,0.006866,0.013580
93436,2022-11-23,0.078218,0.005918,0.005970,0.005915
93436,2022-11-25,-0.001856,0.000406,0.003030,-0.000283
93436,2022-11-28,0.000328,-0.015647,-0.014113,-0.015444
93436,2022-11-29,-0.011426,-0.000744,0.002548,-0.001592
93436,2022-11-30,0.076702,0.029413,0.020560,0.030948
93436,2022-12-01,0.000000,0.000229,0.002523,-0.000868
93436,2022-12-02,0.000822,-0.000581,0.005174,-0.001195
93436,2022-12-05,-0.063687,-0.019456,-0.017511,-0.017894
93436,2022-12-06,-0.014415,-0.014051,-0.012792,-0.014399
93436,2022-12-07,-0.032143,-0.001929,-0.004659,-0.001862
93436,2022-12-08,-0.003447,0.007368,0.005598,0.007522
93436,2022-12-09,0.032345,-0.007468,-0.004385,-0.007350
93436,2022-12-12,-0.062720,0.013023,0.006047,0.014279
93436,2022-12-13,-0.040937,0.007299,0.005193,0.007290
93436,2022-12-14,-0.025784,-0.005473,-0.004224,-0.006053
93436,2022-12-15,0.005548,-0.024078,-0.017985,-0.024922
93436,2022-12-16,-0.047187,-0.010349,-0.007406,-0.011138
93436,2022-12-19,-0.002396,-0.009614,-0.014495,-0.009007
93436,2022-12-20,-0.080536,0.001879,0.001102,0.001037
93436,2022-12-21,-0.001669,0.014642,0.010713,0.014868
93436,2022-12-22,-0.088828,-0.014002,-0.009473,-0.014452
93436,2022-12-23,-0.017551,0.005465,0.002459,0.005868
93436,2022-12-27,-0.114089,-0.003930,-0.008489,-0.004050
93436,2022-12-28,0.033089,-0.012364,-0.010297,-0.012021
93436,2022-12-29,0.080827,0.018339,0.022834,0.017461
93436,2022-12-30,0.011164,-0.002451,0.003808,-0.002541
93436,2023-01-03,-0.122422,-0.003934,0.005062,-0.004001
93436,2023-01-04,0.051249,0.009553,0.018657,0.007539
93436,2023-01-05,-0.029039,-0.010970,-0.004115,-0.011646
93436,2023-01-06,0.024651,0.022257,0.017645,0.022841
93436,2023-01-09,0.059349,0.001059,0.007190,-0.000768
93436,2023-01-10,-0.007681,0.007317,0.013026,0.006978
93436,2023-01-11,0.036769,0.012571,0.011686,0.012849
93436,2023-01-12,0.002759,0.005718,0.014703,0.003416
93436,2023-01-13,-0.009388,0.004322,0.007841,0.003997
93436,2023-01-17,0.074265,-0.001146,0.002261,-0.002030
93436,2023-01-18,-0.020610,-0.014241,-0.012161,-0.015563
93436,2023-01-19,-0.012502,-0.007486,-0.006112,-0.007638
93436,2023-01-20,0.049147,0.018067,0.014679,0.018918
93436,2023-01-23,0.077425,0.011763,0.010128,0.011881
93436,2023-01-24,0.000974,-0.001146,-0.000988,-0.000711
93436,2023-01-25,0.003753,0.000339,0.001542,-0.000182
93436,2023-01-26,0.109673,0.010381,0.005295,0.011008
93436,2023-01-27,0.110002,0.003473,0.005432,0.002495
93436,2023-01-30,-0.063182,-0.012975,-0.010138,-0.012969
93436,2023-01-31,0.039362,0.015550,0.016344,0.014642
93436,2023-02-01,0.047281,0.011137,0.012678,0.010452
93436,2023-02-02,0.037815,0.013800,0.013540,0.014699
93436,2023-02-03,0.009083,-0.010632,-0.007167,-0.010355
93436,2023-02-06,0.025161,-0.007223,-0.007359,-0.006140
93436,2023-02-07,0.010526,0.011465,0.004813,0.012873
93436,2023-02-08,0.022763,-0.010374,-0.010300,-0.011081
93436,2023-02-09,0.029957,-0.008850,-0.011912,-0.008830
93436,2023-02-10,-0.050309,0.001496,-0.002506,0.002195
93436,2023-02-13,-0.011428,0.010859,0.005050,0.011449
93436,2023-02-14,0.075062,0.000941,0.000475,-0.000280
93436,2023-02-15,0.023847,0.004435,0.007186,0.002773
93436,2023-02-16,-0.056946,-0.012705,-0.007559,-0.013789
93436,2023-02-17,0.031033,-0.002933,-0.001381,-0.002767
93436,2023-02-21,-0.052518,-0.020457,-0.021846,-0.020041
93436,2023-02-22,0.017683,-0.000607,-0.000428,-0.001574
93436,2023-02-23,0.006024,0.004871,0.003045,0.005329
93436,2023-02-24,-0.025684,-0.010160,-0.012812,-0.010538
93436,2023-02-27,0.054602,0.003327,0.003600,0.003073
93436,2023-02-28,-0.009247,-0.002576,0.000582,-0.003036
93436,2023-03-01,-0.014292,-0.003159,-0.001274,-0.004725
93436,2023-03-02,-0.058539,0.006503,0.002479,0.007582
93436,2023-03-03,0.036092,0.015546,0.012266,0.016148
93436,2023-03-06,-0.020122,-0.001751,-0.007068,0.000687
93436,2023-03-07,-0.031474,-0.014599,-0.010122,-0.015327
93436,2023-03-08,-0.030419,0.001270,-0.001520,0.001415
93436,2023-03-09,-0.049890,-0.019276,-0.021551,-0.018459
93436,2023-03-10,0.003007,-0.016483,-0.023032,-0.014478
93436,2023-03-13,0.005996,-0.003098,-0.009576,-0.001510
93436,2023-03-14,0.050321,0.015863,0.009278,0.016477
93436,2023-03-15,-0.015333,-0.009262,-0.015317,-0.006981
93436,2023-03-16,0.020394,0.016293,0.010546,0.017562
93436,2023-03-17,-0.021724,-0.012043,-0.015876,-0.011019
93436,2023-03-20,0.017321,0.008716,0.001261,0.008918
93436,2023-03-21,0.078199,0.013857,0.016795,0.012982
93436,2023-03-22,-0.032544,-0.016420,-0.014646,-0.016463
93436,2023-03-23,0.005598,0.001793,-0.001480,0.002985
93436,2023-03-24,-0.009416,0.004737,0.002874,0.005640
93436,2023-03-27,0.007353,0.003207,0.005019,0.001647
93436,2023-03-28,-0.013659,-0.000817,-0.000513,-0.001574
93436,2023-03-29,0.024790,0.013802,0.010908,0.014237
93436,2023-03-30,0.007221,0.005538,0.003078,0.005715
93436,2023-03-31,0.062372,0.014614,0.011948,0.014437
93436,2023-04-03,-0.061168,0.003122,0.001672,0.003699
93436,2023-04-04,-0.011244,-0.006606,-0.010662,-0.005797
93436,2023-04-05,-0.036660,-0.004045,-0.008869,-0.002492
93436,2023-04-06,-0.002480,0.003105,0.003466,0.003579
93436,2023-04-10,-0.002972,0.002154,0.005970,0.000996
93436,2023-04-11,0.012357,0.001796,0.007144,-0.000041
93436,2023-04-12,-0.033460,-0.003977,-0.005078,-0.004135
93436,2023-04-13,0.029689,0.012827,0.012877,0.013263
93436,2023-04-14,-0.004841,-0.002720,-0.004618,-0.002069
93436,2023-04-17,0.011027,0.003645,0.007969,0.003306
93436,2023-04-18,-0.014596,0.000652,-0.001864,0.000855
93436,2023-04-19,-0.020183,-0.000454,-0.001456,-0.000084
93436,2023-04-20,-0.097458,-0.005743,-0.006877,-0.005953
93436,2023-04-21,0.012823,0.000615,-0.001234,0.000903
93436,2023-04-24,-0.015326,0.000380,-0.002906,0.000852
93436,2023-04-25,-0.011566,-0.016696,-0.018124,-0.015811
93436,2023-04-26,-0.043070,-0.004091,-0.005488,-0.003841
93436,2023-04-27,0.041886,0.017335,0.010266,0.019566
93436,2023-04-28,0.025719,0.008072,0.010419,0.008253
93436,2023-05-01,-0.015093,-0.000652,0.001283,-0.000386
93436,2023-05-02,-0.009393,-0.012260,-0.013213,-0.011586
93436,2023-05-03,0.001871,-0.005189,0.000531,-0.006998
93436,2023-05-04,0.003673,-0.006837,-0.006119,-0.007219
93436,2023-05-05,0.054963,0.018739,0.018082,0.018475
93436,2023-05-08,0.010173,0.000849,0.002221,0.000452
93436,2023-05-09,-0.015368,-0.003907,-0.001622,-0.004579
93436,2023-05-10,-0.003606,0.004086,0.003745,0.004484
93436,2023-05-11,0.021004,-0.002566,-0.006936,-0.001697
93436,2023-05-12,-0.023826,-0.001936,-0.005071,-0.001583
93436,2023-05-15,-0.009703,0.005045,0.009355,0.002958
93436,2023-05-16,0.001022,-0.008106,-0.011928,-0.006378
93436,2023-05-17,0.044079,0.012329,0.013996,0.011891
93436,2023-05-18,0.017428,0.008474,0.003390,0.009445
93436,2023-05-19,0.018373,-0.001860,-0.000949,-0.001446
93436,2023-05-22,0.048462,0.001904,0.008546,0.000155
93436,2023-05-23,-0.016413,-0.010454,-0.003083,-0.011222
93436,2023-05-24,-0.015449,-0.008000,-0.009387,-0.007319
93436,2023-05-25,0.008584,0.004950,-0.008997,0.008758
93436,2023-05-26,0.047162,0.012609,0.007922,0.013049
93436,2023-05-30,0.041363,-0.000231,-0.001041,0.000017
93436,2023-05-31,0.013770,-0.005725,-0.005191,-0.006109
93436,2023-06-01,0.017604,0.010187,0.009433,0.009854
93436,2023-06-02,0.031081,0.016243,0.020618,0.014534
93436,2023-06-05,0.017012,-0.002797,-0.005120,-0.002004
93436,2023-06-06,0.017003,0.005198,0.014317,0.002354
93436,2023-06-07,0.014731,-0.002027,0.006266,-0.003812
93436,2023-06-08,0.045821,0.005210,0.000931,0.006189
93436,2023-06-09,0.040620,0.000099,-0.004197,0.001148
93436,2023-06-12,0.022218,0.008520,0.005629,0.009321
93436,2023-06-13,0.035544,0.007513,0.008966,0.006933
93436,2023-06-14,-0.007421,0.000057,-0.005231,0.000819
93436,2023-06-15,-0.003466,0.011708,0.008909,0.012178
93436,2023-06-16,0.018132,-0.003787,-0.001980,-0.003672
93436,2023-06-20,0.053389,-0.005432,-0.006839,-0.004735
93436,2023-06-21,-0.054618,-0.004712,-0.003638,-0.005245
93436,2023-06-22,0.019849,0.001811,-0.004701,0.003711
93436,2023-06-23,-0.030271,-0.008474,-0.009603,-0.007659
93436,2023-06-26,-0.060600,-0.002689,-0.001383,-0.004487
93436,2023-06-27,0.038000,0.011635,0.007286,0.011456
93436,2023-06-28,0.024100,0.000529,0.001215,-0.000354
93436,2023-06-29,0.004917,0.004747,0.006309,0.004474
93436,2023-06-30,0.016582,0.011089,0.005604,0.012269
93436,2023-07-03,0.068954,0.002106,0.006882,0.001171
93436,2023-07-05,0.009506,-0.003315,-0.006333,-0.001968
93436,2023-07-06,-0.021028,-0.009671,-0.013608,-0.007923
93436,2023-07-07,-0.007630,0.000005,0.010289,-0.002865
93436,2023-07-10,-0.017564,0.004152,0.009090,0.002405
93436,2023-07-11,0.000668,0.007743,0.009107,0.006742
93436,2023-07-12,0.008154,0.007995,0.008816,0.007411
93436,2023-07-13,0.021729,0.009335,0.008519,0.008470
93436,2023-07-14,0.012523,-0.002946,-0.010092,-0.001024
93436,2023-07-17,0.031985,0.004498,0.005086,0.003855
93436,2023-07-18,0.010194,0.007299,0.006392,0.007117
93436,2023-07-19,-0.007091,0.002571,0.003657,0.002358
93436,2023-07-20,-0.097370,-0.007185,-0.006756,-0.006757
93436,2023-07-21,-0.010955,0.000069,-0.000977,0.000324
93436,2023-07-24,0.034767,0.003274,0.000118,0.004034
93436,2023-07-25,-0.014049,0.002308,-0.002020,0.002815
93436,2023-07-26,-0.003506,0.000800,0.005517,-0.000155
93436,2023-07-27,-0.032684,-0.007486,-0.011519,-0.006425
93436,2023-07-28,0.041962,0.010607,0.013323,0.009878
93436,2023-07-31,0.003716,0.003173,0.008267,0.001469
93436,2023-08-01,-0.023782,-0.003671,-0.004377,-0.002665
93436,2023-08-02,-0.026660,-0.014385,-0.013074,-0.013840
93436,2023-08-03,0.020503,-0.002370,-0.001952,-0.002548
93436,2023-08-04,-0.021055,-0.004195,-0.002070,-0.005300
93436,2023-08-07,-0.009493,0.007546,-0.001121,0.009024
93436,2023-08-08,-0.006960,-0.004756,-0.004176,-0.004218
93436,2023-08-09,-0.030076,-0.006457,-0.005960,-0.007039
93436,2023-08-10,0.013006,0.000093,-0.002073,0.000251
93436,2023-08-11,-0.010964,-0.000907,-0.001429,-0.001070
93436,2023-08-14,-0.011910,0.004055,-0.002848,0.005750
93436,2023-08-15,-0.028362,-0.011781,-0.012966,-0.011551
93436,2023-08-16,-0.031593,-0.007890,-0.010043,-0.007555
93436,2023-08-17,-0.028280,-0.008395,-0.007525,-0.007713
93436,2023-08-18,-0.017015,0.000602,0.000827,-0.000149
93436,2023-08-21,0.073275,0.005540,-0.000169,0.006879
93436,2023-08-22,0.008258,-0.001892,-0.003236,-0.002777
93436,2023-08-23,0.015738,0.011033,0.008529,0.011045
93436,2023-08-24,-0.028793,-0.012548,-0.011327,-0.013458
93436,2023-08-25,0.037167,0.007025,0.001559,0.006718
93436,2023-08-28,0.000964,0.007093,0.005391,0.006265
93436,2023-08-29,0.076878,0.013164,0.012613,0.014508
93436,2023-08-30,-0.001089,0.003824,0.003346,0.003833
93436,2023-08-31,0.004593,-0.001065,-0.001883,-0.001597
93436,2023-09-01,-0.050643,0.002776,0.005930,0.001799
93436,2023-09-05,0.046855,-0.006126,-0.009656,-0.004194
93436,2023-09-06,-0.017817,-0.006391,-0.006598,-0.006972
93436,2023-09-07,-0.001707,-0.003838,-0.007888,-0.003211
93436,2023-09-08,-0.011889,0.001012,-0.002062,0.001427
93436,2023-09-11,0.100925,0.006483,0.002544,0.006724
93436,2023-09-12,-0.022297,-0.004766,-0.001701,-0.005696
93436,2023-09-13,0.014281,0.000004,-0.005292,0.001242
93436,2023-09-14,0.017472,0.008997,0.009325,0.008430
93436,2023-09-15,-0.005977,-0.010526,-0.005160,-0.012160
93436,2023-09-18,-0.033201,-0.000426,-0.006305,0.000721
93436,2023-09-19,0.004599,-0.002634,-0.003257,-0.002151
93436,2023-09-20,-0.014672,-0.008244,-0.006373,-0.009395
93436,2023-09-21,-0.026239,-0.016904,-0.013885,-0.016401
93436,2023-09-22,-0.042315,-0.001881,-0.002873,-0.002296
93436,2023-09-25,0.008616,0.003394,-0.001515,0.004023
93436,2023-09-26,-0.011620,-0.014143,-0.008325,-0.014735
93436,2023-09-27,-0.014829,0.001060,0.001696,0.000229
93436,2023-09-28,0.024449,0.006628,0.004663,0.005893
93436,2023-09-29,0.015586,-0.002634,0.000677,-0.002709
93436,2023-10-02,0.005515,-0.003498,-0.011886,0.000079
93436,2023-10-03,-0.020151,-0.014349,-0.015225,-0.013744
93436,2023-10-04,0.059344,0.007074,0.001074,0.008110
93436,2023-10-05,-0.004250,-0.000735,-0.000910,-0.001304
93436,2023-10-06,0.001846,0.011482,0.007495,0.011815
93436,2023-10-09,-0.003301,0.006119,0.000943,0.006304
93436,2023-10-10,0.015212,0.006470,0.009906,0.005208
93436,2023-10-11,-0.002390,0.003842,0.002814,0.004293
93436,2023-10-12,-0.015666,-0.008455,-0.013191,-0.006246
93436,2023-10-13,-0.029938,-0.005077,-0.004184,-0.005019
93436,2023-10-16,0.011150,0.010957,0.008919,0.010594
93436,2023-10-17,0.003663,0.001091,0.005945,-0.000098
93436,2023-10-18,-0.047754,-0.014619,-0.015364,-0.013400
93436,2023-10-19,-0.093003,-0.009180,-0.012693,-0.008483
93436,2023-10-20,-0.036891,-0.012192,-0.010180,-0.012585
93436,2023-10-23,0.000425,-0.002426,-0.008234,-0.001686
93436,2023-10-24,0.020936,0.006949,0.006891,0.007266
93436,2023-10-25,-0.018936,-0.014673,-0.012730,-0.014340
93436,2023-10-26,-0.031353,-0.009124,-0.002212,-0.011833
93436,2023-10-27,0.007484,-0.005494,-0.009087,-0.004800
93436,2023-10-30,-0.047950,0.010716,0.006928,0.012010
93436,2023-10-31,0.017633,0.006298,0.005594,0.006475
93436,2023-11-01,0.023999,0.009644,0.002807,0.010506
93436,2023-11-02,0.062482,0.020161,0.022173,0.018859
93436,2023-11-03,0.006636,0.011696,0.020834,0.009394
93436,2023-11-06,-0.003137,-0.000779,-0.006333,0.001753
93436,2023-11-07,0.013271,0.002356,-0.000743,0.002840
93436,2023-11-08,-0.000315,-0.000410,-0.006357,0.001005
93436,2023-11-09,-0.054613,-0.008443,-0.014810,-0.008084
93436,2023-11-10,0.022240,0.013967,0.004125,0.015616
93436,2023-11-13,0.042208,-0.000330,0.000302,-0.000836
93436,2023-11-14,0.061240,0.022835,0.031136,0.019075
93436,2023-11-15,0.022872,0.001954,0.005529,0.001597
93436,2023-11-16,-0.038091,-0.001165,-0.007663,0.001190
93436,2023-11-17,0.003040,0.003330,0.009963,0.001282
93436,2023-11-20,0.005548,0.007017,0.007068,0.007390
93436,2023-11-21,0.023769,-0.002976,-0.007833,-0.002021
93436,2023-11-22,-0.028980,0.004067,0.004612,0.004061
93436,2023-11-24,0.005294,0.001708,0.008853,0.000597
93436,2023-11-27,0.002676,-0.001845,-0.003208,-0.001954
93436,2023-11-28,0.045069,0.000919,0.001167,0.000980
93436,2023-11-29,-0.010457,0.001088,0.006047,-0.000946
93436,2023-11-30,-0.016630,0.003964,0.001808,0.003784
93436,2023-12-01,-0.005207,0.009185,0.019252,0.005874
93436,2023-12-04,-0.013608,-0.003910,0.004928,-0.005408
93436,2023-12-05,0.013329,-0.002314,-0.008439,-0.000569
93436,2023-12-06,0.002723,-0.003536,0.000125,-0.003906
93436,2023-12-07,0.013661,0.007286,0.003563,0.007968
93436,2023-12-08,0.004946,0.004188,0.003196,0.004095
93436,2023-12-11,-0.016814,0.003614,-0.004576,0.003925
93436,2023-12-12,-0.011387,0.003096,-0.004210,0.004599
93436,2023-12-13,0.009620,0.016198,0.022396,0.013651
93436,2023-12-14,0.049145,0.006922,0.018160,0.002647
93436,2023-12-15,0.009759,-0.001601,-0.005318,-0.000076
93436,2023-12-18,-0.005602,0.003845,-0.000888,0.004528
93436,2023-12-19,0.020390,0.007719,0.012567,0.005866
93436,2023-12-20,-0.039188,-0.014790,-0.011488,-0.014684
93436,2023-12-21,0.029781,0.011208,0.013642,0.010301
93436,2023-12-22,-0.007701,0.002440,0.007676,0.001660
93436,2023-12-26,0.016116,0.005218,0.009674,0.004232
93436,2023-12-27,0.018822,0.001995,0.005276,0.001430
93436,2023-12-28,-0.031594,-0.000108,0.002042,0.000370
93436,2023-12-29,-0.018564,-0.004045,-0.007480,-0.002826
